time,open,high,low,close,tick_volume,spread,real_volume
2024-07-27 08:17:00,68104.78,68130.55,68097.98,68122.72,68,0,0
2024-07-27 08:18:00,68122.95,68123.33,68103.64,68110.23,61,0,0
2024-07-27 08:19:00,68112.43,68126.79,68082.29,68092.26,98,0,0
2024-07-27 08:20:00,68091.9,68140.47,68091.9,68121.73,73,0,0
2024-07-27 08:21:00,68124.37,68125.57,68071.38,68076.32,73,0,0
2024-07-27 08:22:00,68076.39,68090.2,68062.4,68079.39,65,0,0
2024-07-27 08:23:00,68079.32,68107.84,68059.54,68073.99,75,0,0
2024-07-27 08:24:00,68072.6,68097.87,68055.78,68055.78,72,0,0
2024-07-27 08:25:00,68057.49,68102.37,68057.49,68102.12,68,0,0
2024-07-27 08:26:00,68105.04,68110.05,68025.21,68050.14,99,0,0
2024-07-27 08:27:00,68050.94,68067.53,68036.07,68040.1,66,0,0
2024-07-27 08:28:00,68040.27,68049.64,68022.82,68022.82,65,0,0
2024-07-27 08:29:00,68025.2,68047.99,68023.42,68038.21,73,0,0
2024-07-27 08:30:00,68040.55,68048.5,68029.69,68044.7,68,0,0
2024-07-27 08:31:00,68043.8,68056.14,68031.39,68049.08,64,0,0
2024-07-27 08:32:00,68044.28,68054.31,68027.4,68028.42,70,0,0
2024-07-27 08:33:00,68029.08,68047.75,68022.29,68028.81,67,0,0
2024-07-27 08:34:00,68029.64,68030.64,68011.63,68024.08,64,0,0
2024-07-27 08:35:00,68023.71,68024.22,67959.33,67976.92,80,0,0
2024-07-27 08:36:00,67974.65,68004.05,67974.05,67985.83,71,0,0
2024-07-27 08:37:00,67986.8,67994.95,67964.4,67976.39,67,0,0
2024-07-27 08:38:00,67978.78,67990.77,67918.77,67949.84,91,0,0
2024-07-27 08:39:00,67951.72,67965.2,67920.57,67951.97,83,0,0
2024-07-27 08:40:00,67953.9,67970.97,67939.17,67961.47,71,0,0
2024-07-27 08:41:00,67963.51,67967.5,67925.6,67955.81,82,0,0
2024-07-27 08:42:00,67954.4,67961.46,67901.54,67941.71,78,0,0
2024-07-27 08:43:00,67941.53,67973.5,67929.58,67969.89,82,0,0
2024-07-27 08:44:00,67973.74,67987.39,67967.44,67976.39,77,0,0
2024-07-27 08:45:00,67977.27,68022.16,67973.57,68003.13,83,0,0
2024-07-27 08:46:00,68001.47,68004.33,67979.96,67996.6,79,0,0
2024-07-27 08:47:00,67995.5,68004.27,67979.92,67990.07,72,0,0
2024-07-27 08:48:00,67985.73,67987.89,67936.41,67942.4,82,0,0
2024-07-27 08:49:00,67941.39,67954.38,67919.63,67938.28,74,0,0
2024-07-27 08:50:00,67938.9,67962.42,67919.92,67954.95,87,0,0
2024-07-27 08:51:00,67953.63,67974.32,67931.74,67945.45,79,10,0
2024-07-27 08:52:00,67946.65,68002.53,67946.65,67960.49,94,1,0
2024-07-27 08:53:00,67964.21,67997.61,67955.01,67977.55,78,105,0
2024-07-27 08:54:00,67978.95,67982.88,67945.62,67963.01,67,61,0
2024-07-27 08:55:00,67963.92,67989.34,67954.65,67975.53,72,40,0
2024-07-27 08:56:00,67977.2,67989.77,67971.86,67981.45,71,98,0
2024-07-27 08:57:00,67976.26,67995.67,67970.34,67987.34,65,97,0
2024-07-27 08:58:00,67983.2,68028.82,67983.2,68016.54,80,125,0
2024-07-27 08:59:00,68016.21,68037.46,68000.44,68002.28,76,54,0
2024-07-27 09:00:00,67998.92,68015.83,67988.75,68013.67,76,75,0
2024-07-27 09:01:00,68014.0,68014.0,67970.7,67978.96,81,53,0
2024-07-27 09:02:00,67977.76,67991.1,67958.38,67984.03,75,66,0
2024-07-27 09:03:00,67985.06,68000.28,67974.1,67974.1,71,79,0
2024-07-27 09:04:00,67974.02,68004.14,67972.46,67983.0,82,67,0
2024-07-27 09:05:00,67980.39,67996.74,67973.22,67983.01,63,66,0
2024-07-27 09:06:00,67986.89,68001.73,67968.46,67994.11,74,141,0
2024-07-27 09:07:00,67993.76,67997.86,67961.56,67970.6,78,73,0
2024-07-27 09:08:00,67968.96,68007.36,67960.43,67985.64,132,91,0
2024-07-27 09:09:00,67981.74,68024.98,67974.27,68005.21,92,80,0
2024-07-27 09:10:00,68010.68,68069.57,68006.72,68061.62,111,95,0
2024-07-27 09:11:00,68056.67,68080.7,68046.9,68073.09,79,66,0
2024-07-27 09:12:00,68077.38,68088.51,68058.25,68070.75,81,65,0
2024-07-27 09:13:00,68066.26,68140.01,68063.51,68112.74,102,39,0
2024-07-27 09:14:00,68109.18,68134.43,68098.58,68119.71,80,51,0
2024-07-27 09:15:00,68124.08,68129.55,68106.77,68124.92,82,60,0
2024-07-27 09:16:00,68128.49,68145.1,68106.37,68109.91,86,10,0
2024-07-27 09:17:00,68111.04,68115.23,68058.03,68070.04,87,3,0
2024-07-27 09:18:00,68067.56,68120.61,68060.37,68089.21,90,10,0
2024-07-27 09:19:00,68089.55,68121.36,68067.7,68114.86,109,10,0
2024-07-27 09:20:00,68112.15,68142.0,68089.96,68139.02,86,66,0
2024-07-27 09:21:00,68138.83,68179.1,68129.39,68151.98,119,0,0
2024-07-27 09:22:00,68155.46,68206.73,68155.46,68186.8,117,0,0
2024-07-27 09:23:00,68184.67,68201.3,68176.53,68188.27,75,0,0
2024-07-27 09:24:00,68188.97,68206.2,68184.79,68198.43,70,0,0
2024-07-27 09:25:00,68200.69,68221.49,68178.77,68194.78,80,0,0
2024-07-27 09:26:00,68196.43,68238.74,68196.43,68221.38,74,0,0
2024-07-27 09:27:00,68216.61,68239.92,68176.52,68176.52,93,0,0
2024-07-27 09:28:00,68174.3,68193.27,68152.29,68178.31,90,0,0
2024-07-27 09:29:00,68183.87,68193.95,68167.3,68183.71,91,0,0
2024-07-27 09:30:00,68183.17,68195.21,68157.13,68191.85,87,0,0
2024-07-27 09:31:00,68194.51,68194.51,68158.06,68175.29,71,0,0
2024-07-27 09:32:00,68176.56,68181.97,68166.66,68181.97,67,0,0
2024-07-27 09:33:00,68183.78,68183.78,68143.3,68143.92,77,0,0
2024-07-27 09:34:00,68150.08,68174.47,68136.37,68159.55,87,0,0
2024-07-27 09:35:00,68159.18,68162.78,68141.79,68155.24,64,0,0
2024-07-27 09:36:00,68155.18,68176.5,68148.92,68171.72,66,0,0
2024-07-27 09:37:00,68170.08,68204.34,68160.39,68163.41,76,0,0
2024-07-27 09:38:00,68161.61,68191.02,68161.61,68182.91,64,0,0
2024-07-27 09:39:00,68182.78,68183.81,68173.1,68180.72,60,0,0
2024-07-27 09:40:00,68180.5,68184.34,68138.65,68143.93,84,0,0
2024-07-27 09:41:00,68143.68,68171.11,68141.61,68148.68,76,0,0
2024-07-27 09:42:00,68144.82,68187.25,68141.97,68165.7,87,0,0
2024-07-27 09:43:00,68170.91,68194.49,68136.23,68194.49,80,0,0
2024-07-27 09:44:00,68197.26,68199.69,68162.92,68172.21,69,0,0
2024-07-27 09:45:00,68170.27,68179.16,68151.55,68164.16,74,0,0
2024-07-27 09:46:00,68160.78,68198.75,68139.65,68192.86,83,0,0
2024-07-27 09:47:00,68191.17,68209.33,68180.85,68201.98,69,0,0
2024-07-27 09:48:00,68204.17,68206.38,68167.58,68193.94,73,0,0
2024-07-27 09:49:00,68195.06,68207.14,68178.2,68196.78,66,0,0
2024-07-27 09:50:00,68194.99,68228.55,68194.91,68224.58,66,0,0
2024-07-27 09:51:00,68220.98,68238.99,68213.53,68228.08,65,0,0
2024-07-27 09:52:00,68228.46,68252.48,68222.29,68238.94,69,0,0
2024-07-27 09:53:00,68238.03,68244.17,68224.33,68244.17,61,0,0
2024-07-27 09:54:00,68238.55,68240.26,68225.36,68233.96,66,0,0
2024-07-27 09:55:00,68233.99,68247.12,68213.65,68214.17,74,0,0
2024-07-27 09:56:00,68213.99,68245.83,68213.99,68233.23,67,0,0
2024-07-27 09:57:00,68233.21,68278.35,68226.9,68266.86,68,0,0
2024-07-27 09:58:00,68268.8,68268.8,68246.68,68249.05,59,0,0
2024-07-27 09:59:00,68248.93,68263.14,68243.3,68261.8,62,0,0
2024-07-27 10:00:00,68256.75,68265.88,68243.07,68248.26,66,0,0
2024-07-27 10:01:00,68247.83,68251.2,68225.66,68244.4,68,0,0
2024-07-27 10:02:00,68246.17,68260.74,68242.23,68260.74,59,0,0
2024-07-27 10:03:00,68262.45,68283.84,68257.3,68279.57,60,0,0
2024-07-27 10:04:00,68279.35,68284.12,68212.38,68223.86,96,0,0
2024-07-27 10:05:00,68219.92,68239.02,68198.68,68223.63,72,0,0
2024-07-27 10:06:00,68221.69,68229.84,68203.03,68224.1,63,0,0
2024-07-27 10:07:00,68223.88,68235.72,68218.64,68224.2,59,0,0
2024-07-27 10:08:00,68225.08,68226.34,68205.04,68212.8,62,0,0
2024-07-27 10:09:00,68212.28,68276.77,68211.57,68263.47,71,0,0
2024-07-27 10:10:00,68261.95,68294.64,68258.53,68274.81,65,0,0
2024-07-27 10:11:00,68278.96,68294.96,68264.76,68279.87,79,0,0
2024-07-27 10:12:00,68281.36,68297.81,68271.52,68289.11,62,0,0
2024-07-27 10:13:00,68287.75,68293.53,68279.68,68289.41,61,0,0
2024-07-27 10:14:00,68288.93,68300.89,68268.85,68290.28,73,0,0
2024-07-27 10:15:00,68291.96,68313.27,68280.62,68284.54,72,0,0
2024-07-27 10:16:00,68281.31,68281.31,68211.81,68237.08,83,0,0
2024-07-27 10:17:00,68238.75,68250.83,68223.94,68237.72,64,0,0
2024-07-27 10:18:00,68238.15,68273.35,68233.62,68248.43,71,0,0
2024-07-27 10:19:00,68260.3,68265.87,68223.26,68223.26,70,0,0
2024-07-27 10:20:00,68224.92,68239.43,68212.19,68222.01,72,0,0
2024-07-27 10:21:00,68226.0,68235.05,68217.32,68223.07,57,0,0
2024-07-27 10:22:00,68223.03,68236.43,68223.03,68234.5,60,0,0
2024-07-27 10:23:00,68233.58,68252.87,68224.06,68247.08,63,0,0
2024-07-27 10:24:00,68243.17,68245.36,68180.35,68188.91,98,0,0
2024-07-27 10:25:00,68192.3,68209.24,68160.31,68185.96,80,0,0
2024-07-27 10:26:00,68189.0,68213.59,68175.75,68205.32,74,0,0
2024-07-27 10:27:00,68205.53,68244.3,68187.97,68187.97,85,0,0
2024-07-27 10:28:00,68197.3,68241.96,68190.42,68199.03,79,0,0
2024-07-27 10:29:00,68198.11,68223.09,68183.62,68208.42,72,0,0
2024-07-27 10:30:00,68208.83,68215.56,68195.69,68201.17,64,0,0
2024-07-27 10:31:00,68196.42,68209.85,68178.0,68207.2,68,0,0
2024-07-27 10:32:00,68206.15,68231.59,68203.94,68215.5,76,0,0
2024-07-27 10:33:00,68215.58,68228.04,68212.8,68221.43,57,0,0
2024-07-27 10:34:00,68221.43,68228.85,68209.66,68228.85,64,0,0
2024-07-27 10:35:00,68227.65,68237.09,68212.78,68230.75,64,0,0
2024-07-27 10:36:00,68231.7,68232.62,68222.05,68225.43,60,0,0
2024-07-27 10:37:00,68225.37,68227.09,68165.06,68195.06,92,0,0
2024-07-27 10:38:00,68195.81,68203.51,68180.36,68187.99,60,0,0
2024-07-27 10:39:00,68188.22,68212.18,68183.12,68198.56,64,0,0
2024-07-27 10:40:00,68198.57,68204.65,68174.76,68177.57,69,0,0
2024-07-27 10:41:00,68175.33,68180.8,68137.11,68139.56,76,0,0
2024-07-27 10:42:00,68142.71,68170.86,68114.35,68150.31,80,0,0
2024-07-27 10:43:00,68150.52,68171.13,68137.82,68145.98,68,0,0
2024-07-27 10:44:00,68145.69,68156.5,68133.33,68150.7,65,0,0
2024-07-27 10:45:00,68150.97,68152.05,68142.43,68143.75,59,0,0
2024-07-27 10:46:00,68143.76,68149.09,68119.67,68138.36,76,0,0
2024-07-27 10:47:00,68136.15,68155.37,68131.81,68132.89,67,0,0
2024-07-27 10:48:00,68130.78,68140.14,68121.21,68124.26,65,0,0
2024-07-27 10:49:00,68120.83,68141.59,68111.24,68133.87,61,0,0
2024-07-27 10:50:00,68135.23,68191.41,68135.23,68185.11,85,0,0
2024-07-27 10:51:00,68186.99,68191.7,68138.67,68158.26,78,0,0
2024-07-27 10:52:00,68154.86,68196.44,68153.42,68186.74,76,0,0
2024-07-27 10:53:00,68186.53,68207.97,68173.78,68194.19,72,0,0
2024-07-27 10:54:00,68195.3,68213.99,68184.57,68201.88,64,0,0
2024-07-27 10:55:00,68204.31,68206.78,68176.24,68182.38,66,0,0
2024-07-27 10:56:00,68183.39,68213.08,68161.44,68211.23,74,0,0
2024-07-27 10:57:00,68211.1,68211.1,68202.28,68205.78,59,0,0
2024-07-27 10:58:00,68205.06,68205.06,68161.54,68180.95,84,0,0
2024-07-27 10:59:00,68180.5,68211.37,68180.47,68197.31,74,0,0
2024-07-27 11:00:00,68197.2,68223.69,68178.97,68203.44,74,0,0
2024-07-27 11:01:00,68206.76,68212.38,68192.2,68194.44,68,0,0
2024-07-27 11:02:00,68194.94,68217.11,68183.29,68198.34,64,0,0
2024-07-27 11:03:00,68197.28,68199.39,68175.53,68179.6,72,0,0
2024-07-27 11:04:00,68178.94,68201.89,68169.03,68180.34,76,0,0
2024-07-27 11:05:00,68180.6,68199.82,68169.04,68173.21,73,0,0
2024-07-27 11:06:00,68174.14,68195.92,68153.63,68163.31,78,0,0
2024-07-27 11:07:00,68168.76,68184.21,68153.3,68168.59,78,0,0
2024-07-27 11:08:00,68172.72,68183.15,68154.25,68156.19,82,0,0
2024-07-27 11:09:00,68158.96,68163.09,68115.87,68144.59,96,0,0
2024-07-27 11:10:00,68147.37,68151.38,68118.64,68133.67,65,0,0
2024-07-27 11:11:00,68132.47,68136.32,68077.87,68097.5,77,0,0
2024-07-27 11:12:00,68096.99,68114.2,68085.91,68100.53,67,0,0
2024-07-27 11:13:00,68102.94,68110.8,68091.57,68091.57,65,0,0
2024-07-27 11:14:00,68092.04,68100.31,68084.0,68084.0,59,0,0
2024-07-27 11:15:00,68084.62,68159.95,68084.62,68138.95,84,0,0
2024-07-27 11:16:00,68134.07,68140.66,68092.49,68100.31,101,0,0
2024-07-27 11:17:00,68099.94,68104.14,68059.29,68059.29,74,0,0
2024-07-27 11:18:00,68062.07,68105.45,68058.75,68088.73,72,0,0
2024-07-27 11:19:00,68088.71,68120.19,68081.12,68083.16,75,0,0
2024-07-27 11:20:00,68083.87,68124.08,68083.54,68102.05,71,0,0
2024-07-27 11:21:00,68106.51,68112.83,68088.92,68101.94,81,0,0
2024-07-27 11:22:00,68100.59,68125.39,68088.9,68107.18,87,0,0
2024-07-27 11:23:00,68105.48,68135.01,68089.92,68134.04,90,0,0
2024-07-27 11:24:00,68133.49,68139.06,68068.65,68080.89,90,0,0
2024-07-27 11:25:00,68078.34,68118.53,68057.7,68102.54,77,0,0
2024-07-27 11:26:00,68099.36,68148.2,68098.18,68120.43,91,0,0
2024-07-27 11:27:00,68117.64,68151.56,68096.3,68151.56,84,0,0
2024-07-27 11:28:00,68147.73,68153.93,68122.77,68122.77,74,0,0
2024-07-27 11:29:00,68123.64,68150.2,68117.79,68135.21,70,0,0
2024-07-27 11:30:00,68137.36,68177.63,68120.12,68162.6,90,0,0
2024-07-27 11:31:00,68166.78,68186.95,68151.25,68177.39,74,0,0
2024-07-27 11:32:00,68177.05,68223.4,68157.96,68208.4,89,0,0
2024-07-27 11:33:00,68204.93,68237.56,68190.25,68212.98,81,0,0
2024-07-27 11:34:00,68212.86,68235.07,68184.8,68218.12,88,0,0
2024-07-27 11:35:00,68213.33,68221.28,68165.1,68166.62,79,0,0
2024-07-27 11:36:00,68172.12,68217.5,68164.83,68185.81,102,0,0
2024-07-27 11:37:00,68190.26,68218.71,68188.22,68198.36,78,0,0
2024-07-27 11:38:00,68199.19,68234.83,68192.41,68224.46,83,0,0
2024-07-27 11:39:00,68225.22,68234.43,68189.66,68205.38,89,0,0
2024-07-27 11:40:00,68208.29,68256.1,68208.29,68233.88,91,0,0
2024-07-27 11:41:00,68235.97,68241.16,68220.62,68234.23,70,0,0
2024-07-27 11:42:00,68232.75,68232.75,68195.85,68215.44,90,0,0
2024-07-27 11:43:00,68216.47,68224.68,68195.7,68199.71,72,0,0
2024-07-27 11:44:00,68198.13,68215.15,68180.34,68215.15,77,0,0
2024-07-27 11:45:00,68218.76,68219.56,68183.32,68188.65,71,0,0
2024-07-27 11:46:00,68193.22,68230.31,68172.97,68223.7,91,0,0
2024-07-27 11:47:00,68223.6,68254.15,68217.34,68229.12,82,0,0
2024-07-27 11:48:00,68235.29,68250.33,68215.23,68240.42,78,0,0
2024-07-27 11:49:00,68236.77,68245.36,68205.72,68216.74,70,0,0
2024-07-27 11:50:00,68212.06,68236.19,68189.88,68215.38,84,0,0
2024-07-27 11:51:00,68214.81,68232.31,68200.63,68229.04,72,0,0
2024-07-27 11:52:00,68229.72,68239.12,68213.92,68216.36,59,0,0
2024-07-27 11:53:00,68218.2,68234.2,68217.12,68233.76,57,0,0
2024-07-27 11:54:00,68233.64,68238.86,68224.45,68233.61,57,0,0
2024-07-27 11:55:00,68228.38,68234.69,68210.14,68222.29,73,0,0
2024-07-27 11:56:00,68220.82,68247.87,68216.67,68238.18,69,0,0
2024-07-27 11:57:00,68235.31,68241.91,68218.28,68241.03,75,0,0
2024-07-27 11:58:00,68236.17,68248.58,68223.93,68236.22,70,0,0
2024-07-27 11:59:00,68232.89,68246.81,68227.83,68246.81,65,0,0
2024-07-27 12:00:00,68248.83,68258.86,68227.5,68251.86,75,0,0
2024-07-27 12:01:00,68251.78,68300.28,68246.55,68272.73,87,0,0
2024-07-27 12:02:00,68270.1,68328.57,68268.53,68310.24,93,0,0
2024-07-27 12:03:00,68312.47,68422.11,68293.15,68395.69,152,0,0
2024-07-27 12:04:00,68398.12,68480.61,68398.12,68448.71,182,0,0
2024-07-27 12:05:00,68450.81,68540.05,68445.43,68498.79,158,0,0
2024-07-27 12:06:00,68501.07,68503.36,68413.39,68453.31,162,0,0
2024-07-27 12:07:00,68453.63,68491.14,68431.54,68459.12,138,0,0
2024-07-27 12:08:00,68460.82,68463.27,68348.63,68429.13,182,0,0
2024-07-27 12:09:00,68429.97,68478.59,68388.25,68459.47,142,0,0
2024-07-27 12:10:00,68454.23,68478.95,68443.22,68469.62,98,0,0
2024-07-27 12:11:00,68468.87,68510.95,68446.18,68466.67,115,0,0
2024-07-27 12:12:00,68464.3,68467.42,68422.66,68430.42,126,0,0
2024-07-27 12:13:00,68433.24,68469.47,68374.15,68390.21,180,0,0
2024-07-27 12:14:00,68396.21,68457.54,68386.27,68394.57,147,0,0
2024-07-27 12:15:00,68403.92,68462.41,68398.19,68452.13,130,0,0
2024-07-27 12:16:00,68449.48,68449.48,68387.78,68412.46,116,0,0
2024-07-27 12:17:00,68412.59,68439.49,68391.43,68417.14,134,0,0
2024-07-27 12:18:00,68414.72,68442.49,68398.04,68411.66,111,0,0
2024-07-27 12:19:00,68406.98,68495.52,68401.94,68486.18,136,0,0
2024-07-27 12:20:00,68482.97,68485.04,68418.49,68474.13,174,0,0
2024-07-27 12:21:00,68476.36,68484.89,68441.71,68441.71,112,0,0
2024-07-27 12:22:00,68439.43,68463.72,68399.83,68417.49,137,0,0
2024-07-27 12:23:00,68420.03,68431.07,68394.72,68408.2,83,0,0
2024-07-27 12:24:00,68408.39,68423.13,68348.9,68349.49,152,0,0
2024-07-27 12:25:00,68347.7,68401.29,68320.16,68372.28,119,0,0
2024-07-27 12:26:00,68373.44,68412.39,68349.97,68350.5,92,0,0
2024-07-27 12:27:00,68350.79,68379.53,68345.39,68358.77,86,0,0
2024-07-27 12:28:00,68356.85,68358.01,68328.17,68343.35,94,0,0
2024-07-27 12:29:00,68344.19,68349.18,68332.19,68341.34,72,0,0
2024-07-27 12:30:00,68341.23,68350.68,68337.55,68350.68,62,0,0
2024-07-27 12:31:00,68352.59,68432.23,68352.59,68361.8,150,0,0
2024-07-27 12:32:00,68361.99,68361.99,68334.8,68353.97,85,0,0
2024-07-27 12:33:00,68354.97,68360.64,68346.18,68353.22,64,0,0
2024-07-27 12:34:00,68353.73,68428.72,68353.73,68423.78,113,0,0
2024-07-27 12:35:00,68425.06,68428.02,68396.97,68416.15,106,0,0
2024-07-27 12:36:00,68421.12,68432.33,68393.93,68405.01,109,0,0
2024-07-27 12:37:00,68403.45,68433.16,68391.41,68397.95,106,0,0
2024-07-27 12:38:00,68404.46,68418.05,68349.06,68368.09,96,0,0
2024-07-27 12:39:00,68363.77,68383.02,68337.01,68357.77,98,0,0
2024-07-27 12:40:00,68357.71,68376.11,68317.76,68348.06,106,0,0
2024-07-27 12:41:00,68350.07,68408.87,68334.0,68376.83,113,0,0
2024-07-27 12:42:00,68381.12,68411.53,68374.34,68392.11,88,0,0
2024-07-27 12:43:00,68396.05,68429.8,68395.08,68419.37,99,0,0
2024-07-27 12:44:00,68421.02,68477.86,68404.06,68477.27,96,0,0
2024-07-27 12:45:00,68472.05,68492.45,68418.23,68476.73,113,0,0
2024-07-27 12:46:00,68480.26,68529.21,68479.1,68492.65,120,0,0
2024-07-27 12:47:00,68495.95,68518.69,68469.19,68469.19,129,0,0
2024-07-27 12:48:00,68473.86,68513.28,68444.98,68505.89,137,0,0
2024-07-27 12:49:00,68508.24,68518.99,68474.57,68518.99,94,0,0
2024-07-27 12:50:00,68513.36,68523.64,68497.48,68523.64,76,0,0
2024-07-27 12:51:00,68520.06,68520.48,68493.7,68494.13,79,0,0
2024-07-27 12:52:00,68490.7,68515.8,68474.53,68507.35,93,0,0
2024-07-27 12:53:00,68501.73,68511.3,68444.53,68444.53,101,0,0
2024-07-27 12:54:00,68448.49,68474.32,68398.56,68398.56,104,0,0
2024-07-27 12:55:00,68393.49,68415.95,68352.37,68377.16,86,0,0
2024-07-27 12:56:00,68380.98,68409.48,68363.55,68384.69,72,0,0
2024-07-27 12:57:00,68382.95,68406.86,68377.36,68398.71,63,0,0
2024-07-27 12:58:00,68401.22,68435.83,68388.31,68411.99,82,0,0
2024-07-27 12:59:00,68413.1,68455.26,68408.36,68455.26,73,0,0
2024-07-27 13:00:00,68454.35,68492.97,68431.07,68431.64,93,0,0
2024-07-27 13:01:00,68432.22,68492.01,68430.95,68482.9,78,0,0
2024-07-27 13:02:00,68483.1,68500.74,68447.82,68478.68,95,0,0
2024-07-27 13:03:00,68478.66,68502.81,68434.81,68480.46,97,0,0
2024-07-27 13:04:00,68480.76,68507.63,68463.89,68494.39,72,0,0
2024-07-27 13:05:00,68490.64,68495.04,68467.82,68476.4,67,0,0
2024-07-27 13:06:00,68473.01,68473.73,68408.57,68447.93,103,0,0
2024-07-27 13:07:00,68452.18,68507.21,68452.18,68493.07,71,0,0
2024-07-27 13:08:00,68493.86,68496.0,68444.3,68494.07,88,0,0
2024-07-27 13:09:00,68495.14,68595.21,68485.89,68549.34,126,0,0
2024-07-27 13:10:00,68554.08,68835.31,68554.08,68802.39,222,0,0
2024-07-27 13:11:00,68804.71,68805.77,68712.86,68749.21,161,0,0
2024-07-27 13:12:00,68752.69,68813.34,68710.74,68813.34,149,0,0
2024-07-27 13:13:00,68813.48,68822.35,68731.19,68754.2,136,0,0
2024-07-27 13:14:00,68764.92,68930.09,68758.71,68877.89,147,0,0
2024-07-27 13:15:00,68883.79,68906.13,68793.43,68867.45,153,0,0
2024-07-27 13:16:00,68874.24,68884.44,68770.72,68798.71,122,0,0
2024-07-27 13:17:00,68798.43,68872.34,68733.67,68802.71,137,0,0
2024-07-27 13:18:00,68805.93,68952.71,68779.49,68889.07,153,0,0
2024-07-27 13:19:00,68894.14,68915.16,68800.54,68813.0,124,148,0
2024-07-27 13:20:00,68813.12,68820.69,68787.28,68787.28,75,0,0
2024-07-27 13:21:00,68787.28,68824.72,68764.17,68818.78,86,0,0
2024-07-27 13:22:00,68816.47,68820.97,68768.22,68795.58,101,0,0
2024-07-27 13:23:00,68795.99,68857.79,68792.03,68798.33,91,0,0
2024-07-27 13:24:00,68801.07,68840.18,68786.68,68827.31,93,0,0
2024-07-27 13:25:00,68829.28,68877.31,68814.12,68843.0,94,0,0
2024-07-27 13:26:00,68844.52,68889.61,68824.33,68825.21,98,0,0
2024-07-27 13:27:00,68831.12,68883.34,68802.48,68883.34,103,0,0
2024-07-27 13:28:00,68885.77,68911.28,68830.82,68864.95,124,24,0
2024-07-27 13:29:00,68867.9,68883.43,68830.48,68869.43,94,0,0
2024-07-27 13:30:00,68873.04,68896.53,68836.07,68836.07,84,0,0
2024-07-27 13:31:00,68836.11,68856.31,68812.98,68815.57,91,0,0
2024-07-27 13:32:00,68815.79,68903.91,68799.82,68900.66,110,0,0
2024-07-27 13:33:00,68903.15,68927.73,68860.04,68887.15,134,0,0
2024-07-27 13:34:00,68888.74,69011.57,68861.37,68981.1,130,0,0
2024-07-27 13:35:00,68986.09,69064.25,68939.08,69036.01,142,0,0
2024-07-27 13:36:00,69037.24,69098.7,68977.8,68991.84,122,12,0
2024-07-27 13:37:00,68991.17,69013.13,68904.99,69000.62,145,0,0
2024-07-27 13:38:00,69000.19,69039.73,68949.16,69022.16,129,0,0
2024-07-27 13:39:00,69022.05,69022.05,68950.08,68953.66,132,0,0
2024-07-27 13:40:00,68952.67,69004.03,68942.09,69001.34,98,0,0
2024-07-27 13:41:00,69000.48,69059.66,68975.43,69052.78,123,0,0
2024-07-27 13:42:00,69054.69,69069.9,69004.07,69054.28,104,0,0
2024-07-27 13:43:00,69050.77,69073.14,69010.95,69073.14,99,0,0
2024-07-27 13:44:00,69075.4,69118.31,69027.03,69118.31,114,0,0
2024-07-27 13:45:00,69121.98,69277.28,69121.63,69264.75,187,0,0
2024-07-27 13:46:00,69253.21,69361.23,69244.48,69343.06,149,0,0
2024-07-27 13:47:00,69341.02,69393.85,69273.33,69347.21,170,0,0
2024-07-27 13:48:00,69348.36,69348.79,69254.48,69277.3,125,0,0
2024-07-27 13:49:00,69289.42,69334.07,69274.76,69326.76,113,0,0
2024-07-27 13:50:00,69327.14,69337.96,69301.08,69302.63,103,0,0
2024-07-27 13:51:00,69299.64,69317.94,69198.35,69212.82,123,12,0
2024-07-27 13:52:00,69207.71,69290.03,69194.03,69260.49,134,70,0
2024-07-27 13:53:00,69260.31,69260.31,69223.64,69246.65,75,0,0
2024-07-27 13:54:00,69248.89,69264.49,69229.34,69239.22,81,0,0
2024-07-27 13:55:00,69240.68,69277.6,69207.74,69207.74,95,0,0
2024-07-27 13:56:00,69202.0,69222.48,69192.57,69211.69,68,0,0
2024-07-27 13:57:00,69214.35,69264.69,69194.44,69213.05,95,0,0
2024-07-27 13:58:00,69212.9,69293.24,69209.27,69280.88,91,0,0
2024-07-27 13:59:00,69277.82,69307.42,69234.97,69240.26,98,0,0
2024-07-27 14:00:00,69251.58,69294.14,69249.42,69289.05,94,0,0
2024-07-27 14:01:00,69291.15,69344.15,69291.15,69343.11,100,0,0
2024-07-27 14:02:00,69344.28,69383.6,69282.54,69326.76,126,0,0
2024-07-27 14:03:00,69326.79,69406.8,69326.79,69350.42,104,0,0
2024-07-27 14:04:00,69348.57,69422.81,69340.1,69340.1,101,0,0
2024-07-27 14:05:00,69336.85,69399.3,69312.81,69371.91,132,0,0
2024-07-27 14:06:00,69369.91,69379.66,69312.1,69327.21,113,0,0
2024-07-27 14:07:00,69334.01,69346.26,69192.09,69218.24,111,0,0
2024-07-27 14:08:00,69221.04,69258.45,69148.57,69201.24,127,0,0
2024-07-27 14:09:00,69203.55,69263.77,69168.14,69168.43,106,0,0
2024-07-27 14:10:00,69170.69,69197.02,69129.32,69153.42,106,0,0
2024-07-27 14:11:00,69156.09,69182.68,69081.32,69084.72,109,0,0
2024-07-27 14:12:00,69086.79,69189.98,69086.79,69170.01,132,0,0
2024-07-27 14:13:00,69173.11,69199.66,69118.48,69156.75,100,0,0
2024-07-27 14:14:00,69156.99,69217.62,69154.36,69160.05,93,0,0
2024-07-27 14:15:00,69165.59,69212.32,69104.89,69104.89,104,0,0
2024-07-27 14:16:00,69112.69,69152.92,69079.0,69079.99,91,0,0
2024-07-27 14:17:00,69086.09,69133.42,69080.15,69102.76,111,0,0
2024-07-27 14:18:00,69100.91,69185.29,69100.91,69143.08,110,0,0
2024-07-27 14:19:00,69141.68,69167.46,69101.96,69106.83,96,0,0
2024-07-27 14:20:00,69108.37,69169.53,69086.97,69111.58,123,0,0
2024-07-27 14:21:00,69114.06,69126.86,69090.91,69102.1,86,0,0
2024-07-27 14:22:00,69105.9,69109.59,69059.31,69087.29,89,0,0
2024-07-27 14:23:00,69081.26,69104.71,69003.44,69003.44,93,0,0
2024-07-27 14:24:00,69004.11,69083.92,69004.11,69083.92,102,0,0
2024-07-27 14:25:00,69084.64,69084.64,69028.35,69036.52,100,0,0
2024-07-27 14:26:00,69034.87,69045.84,68980.31,68980.31,89,0,0
2024-07-27 14:27:00,68977.26,68979.18,68863.16,68865.28,155,0,0
2024-07-27 14:28:00,68866.24,68919.4,68799.53,68884.95,165,0,0
2024-07-27 14:29:00,68889.35,68984.02,68879.88,68953.95,123,0,0
2024-07-27 14:30:00,68951.72,69048.04,68920.9,69029.94,133,0,0
2024-07-27 14:31:00,69032.16,69053.5,68965.21,68980.25,130,0,0
2024-07-27 14:32:00,68977.67,69015.43,68854.2,68913.07,143,0,0
2024-07-27 14:33:00,68918.58,69002.32,68918.58,68997.66,154,0,0
2024-07-27 14:34:00,68999.89,69107.66,68983.07,69096.75,114,0,0
2024-07-27 14:35:00,69092.55,69108.84,69029.29,69071.03,126,0,0
2024-07-27 14:36:00,69068.5,69078.09,69028.77,69072.94,93,0,0
2024-07-27 14:37:00,69075.0,69147.16,69058.13,69137.22,113,0,0
2024-07-27 14:38:00,69138.98,69138.98,69044.46,69115.12,128,0,0
2024-07-27 14:39:00,69109.63,69130.04,69085.02,69119.03,96,0,0
2024-07-27 14:40:00,69120.98,69143.49,69054.78,69080.35,96,0,0
2024-07-27 14:41:00,69083.59,69086.85,69023.35,69065.89,92,0,0
2024-07-27 14:42:00,69067.92,69067.92,69001.11,69020.39,88,0,0
2024-07-27 14:43:00,69022.67,69045.08,68985.04,69039.01,86,0,0
2024-07-27 14:44:00,69041.13,69075.35,69020.58,69062.33,88,0,0
2024-07-27 14:45:00,69062.91,69063.31,68996.43,69010.88,101,0,0
2024-07-27 14:46:00,69011.21,69014.74,68972.61,68976.93,78,0,0
2024-07-27 14:47:00,68977.19,69034.59,68947.86,69020.66,102,0,0
2024-07-27 14:48:00,69019.88,69032.19,68961.48,68974.61,89,0,0
2024-07-27 14:49:00,68976.72,69022.01,68961.59,68976.66,93,0,0
2024-07-27 14:50:00,68976.41,69023.68,68936.76,68964.8,98,0,0
2024-07-27 14:51:00,68965.61,68969.27,68896.48,68933.92,95,0,0
2024-07-27 14:52:00,68934.87,68940.99,68893.44,68940.99,90,0,0
2024-07-27 14:53:00,68943.26,68956.43,68916.73,68919.47,93,0,0
2024-07-27 14:54:00,68918.67,68942.71,68888.19,68888.19,87,0,0
2024-07-27 14:55:00,68887.96,68894.21,68824.49,68886.5,80,0,0
2024-07-27 14:56:00,68889.81,68972.16,68857.88,68972.16,108,0,0
2024-07-27 14:57:00,68976.9,69005.57,68943.44,68991.2,94,0,0
2024-07-27 14:58:00,68992.41,69047.75,68992.41,69006.29,80,0,0
2024-07-27 14:59:00,69003.49,69041.32,69003.49,69004.57,86,0,0
2024-07-27 15:00:00,69007.51,69053.17,69002.1,69047.46,102,0,0
2024-07-27 15:01:00,69042.18,69100.61,69038.38,69092.23,81,0,0
2024-07-27 15:02:00,69094.99,69109.21,69041.97,69051.06,97,0,0
2024-07-27 15:03:00,69050.85,69111.21,69050.85,69104.26,78,0,0
2024-07-27 15:04:00,69105.32,69123.37,69034.95,69039.89,102,0,0
2024-07-27 15:05:00,69045.86,69056.94,68955.94,69002.99,97,0,0
2024-07-27 15:06:00,69004.92,69021.71,68865.85,68866.17,119,0,0
2024-07-27 15:07:00,68863.94,68927.52,68863.94,68922.06,100,19,0
2024-07-27 15:08:00,68928.0,68980.2,68888.27,68893.03,125,0,0
2024-07-27 15:09:00,68899.98,68917.91,68825.71,68828.9,101,0,0
2024-07-27 15:10:00,68830.47,68914.42,68822.82,68887.99,129,0,0
2024-07-27 15:11:00,68894.27,68982.94,68894.27,68972.89,120,0,0
2024-07-27 15:12:00,68975.93,68979.11,68785.4,68785.4,139,0,0
2024-07-27 15:13:00,68782.64,68881.06,68782.64,68870.48,152,121,0
2024-07-27 15:14:00,68872.34,68885.77,68826.51,68864.92,104,0,0
2024-07-27 15:15:00,68861.55,68872.9,68782.99,68806.04,117,0,0
2024-07-27 15:16:00,68808.97,68824.04,68759.92,68761.75,119,0,0
2024-07-27 15:17:00,68761.65,68848.21,68718.98,68847.53,137,0,0
2024-07-27 15:18:00,68847.39,68934.41,68806.46,68875.05,142,0,0
2024-07-27 15:19:00,68877.56,68958.06,68870.64,68936.3,136,0,0
2024-07-27 15:20:00,68935.47,68997.36,68858.23,68901.77,125,0,0
2024-07-27 15:21:00,68903.69,68977.07,68885.17,68885.17,149,0,0
2024-07-27 15:22:00,68883.08,68984.15,68865.2,68971.2,121,0,0
2024-07-27 15:23:00,68967.97,68987.96,68939.03,68961.57,91,0,0
2024-07-27 15:24:00,68960.07,69022.64,68958.01,69005.51,94,0,0
2024-07-27 15:25:00,69009.61,69040.54,68944.24,68952.02,103,0,0
2024-07-27 15:26:00,68954.72,68970.3,68907.12,68915.01,112,0,0
2024-07-27 15:27:00,68915.4,68962.43,68891.9,68946.6,93,0,0
2024-07-27 15:28:00,68947.12,68950.27,68815.4,68827.17,103,0,0
2024-07-27 15:29:00,68832.33,68846.59,68799.67,68799.67,87,0,0
2024-07-27 15:30:00,68798.84,68865.99,68798.28,68865.99,98,0,0
2024-07-27 15:31:00,68866.41,68866.41,68803.98,68830.67,91,0,0
2024-07-27 15:32:00,68833.58,68865.52,68808.05,68808.05,83,0,0
2024-07-27 15:33:00,68804.82,68810.62,68694.81,68703.14,133,0,0
2024-07-27 15:34:00,68704.31,68785.17,68704.31,68763.22,111,0,0
2024-07-27 15:35:00,68763.01,68763.01,68697.22,68714.92,96,0,0
2024-07-27 15:36:00,68717.82,68724.52,68666.42,68686.39,87,0,0
2024-07-27 15:37:00,68687.5,68814.55,68687.5,68732.62,144,0,0
2024-07-27 15:38:00,68731.01,68799.63,68693.39,68782.57,117,0,0
2024-07-27 15:39:00,68788.72,68816.1,68740.23,68807.7,115,0,0
2024-07-27 15:40:00,68808.72,68840.15,68803.72,68809.77,81,0,0
2024-07-27 15:41:00,68812.42,68826.97,68741.38,68761.27,95,0,0
2024-07-27 15:42:00,68761.52,68822.99,68759.6,68812.66,82,0,0
2024-07-27 15:43:00,68810.32,68830.25,68719.66,68719.66,123,0,0
2024-07-27 15:44:00,68719.01,68782.66,68700.85,68700.85,107,0,0
2024-07-27 15:45:00,68697.2,68749.55,68642.05,68652.24,93,190,0
2024-07-27 15:46:00,68652.38,68705.67,68596.15,68654.02,140,0,0
2024-07-27 15:47:00,68649.12,68700.68,68609.08,68656.02,133,108,0
2024-07-27 15:48:00,68659.39,68679.38,68634.68,68657.9,98,0,0
2024-07-27 15:49:00,68661.21,68788.14,68661.21,68788.14,127,0,0
2024-07-27 15:50:00,68793.34,68827.97,68768.69,68812.31,127,0,0
2024-07-27 15:51:00,68806.84,68812.3,68759.93,68765.54,106,0,0
2024-07-27 15:52:00,68772.5,68812.32,68759.39,68773.99,99,0,0
2024-07-27 15:53:00,68776.59,68832.56,68747.78,68823.69,100,0,0
2024-07-27 15:54:00,68824.06,68844.86,68809.13,68841.55,80,0,0
2024-07-27 15:55:00,68836.83,68915.85,68836.83,68910.72,97,0,0
2024-07-27 15:56:00,68910.04,68916.66,68834.05,68868.47,100,0,0
2024-07-27 15:57:00,68862.95,68899.52,68844.34,68889.47,73,0,0
2024-07-27 15:58:00,68886.22,68889.24,68849.64,68878.64,88,0,0
2024-07-27 15:59:00,68879.49,68900.34,68865.12,68895.89,82,0,0
2024-07-27 16:00:00,68894.09,68912.39,68853.36,68904.51,106,0,0
2024-07-27 16:01:00,68907.67,68968.72,68898.27,68967.65,88,0,0
2024-07-27 16:02:00,68962.75,68998.99,68940.72,68963.39,127,0,0
2024-07-27 16:03:00,68966.33,68995.82,68949.45,68974.25,90,0,0
2024-07-27 16:04:00,68974.26,69025.89,68964.58,69014.06,78,0,0
2024-07-27 16:05:00,69011.74,69023.44,68953.61,68960.89,82,0,0
2024-07-27 16:06:00,68955.26,69041.68,68950.13,69008.89,101,0,0
2024-07-27 16:07:00,69005.78,69051.57,69001.7,69049.29,90,0,0
2024-07-27 16:08:00,69049.29,69054.19,69011.95,69024.54,89,0,0
2024-07-27 16:09:00,69020.89,69020.89,68906.24,68926.6,99,0,0
2024-07-27 16:10:00,68931.42,68958.33,68858.34,68860.85,94,29,0
2024-07-27 16:11:00,68856.48,68888.29,68757.01,68757.52,91,56,0
2024-07-27 16:12:00,68756.22,68802.8,68756.22,68793.03,84,0,0
2024-07-27 16:13:00,68793.75,68796.78,68718.27,68742.79,86,0,0
2024-07-27 16:14:00,68745.99,68780.24,68695.42,68707.88,101,0,0
2024-07-27 16:15:00,68712.97,68790.82,68712.97,68760.22,103,0,0
2024-07-27 16:16:00,68761.67,68786.09,68702.9,68780.47,115,0,0
2024-07-27 16:17:00,68781.24,68803.48,68750.07,68760.06,104,0,0
2024-07-27 16:18:00,68766.46,68805.49,68766.46,68800.6,66,0,0
2024-07-27 16:19:00,68804.26,68881.76,68804.26,68852.66,110,0,0
2024-07-27 16:20:00,68850.5,68889.24,68819.56,68819.56,106,0,0
2024-07-27 16:21:00,68815.75,68853.79,68762.07,68845.0,103,0,0
2024-07-27 16:22:00,68841.45,68841.45,68773.84,68801.31,101,0,0
2024-07-27 16:23:00,68799.34,68846.99,68773.86,68803.33,94,0,0
2024-07-27 16:24:00,68802.63,68844.14,68802.33,68832.02,77,0,0
2024-07-27 16:25:00,68834.35,68901.34,68821.26,68865.9,94,0,0
2024-07-27 16:26:00,68864.03,68978.25,68864.03,68966.17,111,0,0
2024-07-27 16:27:00,68965.3,68975.88,68950.18,68952.4,69,0,0
2024-07-27 16:28:00,68952.96,68959.11,68936.22,68936.67,62,0,0
2024-07-27 16:29:00,68936.11,68965.04,68908.01,68950.1,87,0,0
2024-07-27 16:30:00,68942.08,68987.37,68926.94,68981.3,82,0,0
2024-07-27 16:31:00,68977.05,69013.5,68977.05,68992.76,77,0,0
2024-07-27 16:32:00,68996.42,69021.19,68972.14,69007.92,88,0,0
2024-07-27 16:33:00,69007.13,69018.94,68941.83,68947.71,78,0,0
2024-07-27 16:34:00,68952.22,68976.57,68872.42,68875.01,91,0,0
2024-07-27 16:35:00,68877.99,68914.58,68859.38,68908.2,73,0,0
2024-07-27 16:36:00,68910.96,68974.18,68910.96,68949.49,87,0,0
2024-07-27 16:37:00,68950.82,68962.33,68914.96,68948.51,76,0,0
2024-07-27 16:38:00,68948.22,68953.58,68931.99,68953.58,62,0,0
2024-07-27 16:39:00,68957.2,68971.6,68942.99,68942.99,62,0,0
2024-07-27 16:40:00,68940.39,68950.86,68932.94,68944.24,66,0,0
2024-07-27 16:41:00,68945.12,69000.87,68943.34,68979.47,86,0,0
2024-07-27 16:42:00,68979.68,68981.83,68938.51,68975.85,73,0,0
2024-07-27 16:43:00,68974.64,69000.74,68918.43,68918.43,84,0,0
2024-07-27 16:44:00,68914.07,68914.07,68845.32,68867.89,91,0,0
2024-07-27 16:45:00,68868.13,68913.61,68799.51,68799.51,97,0,0
2024-07-27 16:46:00,68803.11,68834.69,68747.79,68753.0,104,0,0
2024-07-27 16:47:00,68759.57,68781.69,68705.69,68751.65,89,67,0
2024-07-27 16:48:00,68751.04,68760.11,68642.54,68665.5,108,92,0
2024-07-27 16:49:00,68668.72,68761.98,68641.32,68736.98,112,0,0
2024-07-27 16:50:00,68734.84,68766.56,68709.97,68714.15,90,0,0
2024-07-27 16:51:00,68718.58,68739.22,68686.7,68721.72,89,0,0
2024-07-27 16:52:00,68723.96,68739.36,68687.89,68695.44,89,0,0
2024-07-27 16:53:00,68699.26,68780.3,68699.26,68756.64,119,0,0
2024-07-27 16:54:00,68761.09,68835.37,68753.94,68775.8,113,0,0
2024-07-27 16:55:00,68776.67,68776.67,68721.58,68723.16,76,0,0
2024-07-27 16:56:00,68723.52,68748.22,68714.49,68714.49,68,0,0
2024-07-27 16:57:00,68712.27,68743.86,68658.21,68719.28,97,0,0
2024-07-27 16:58:00,68722.11,68754.56,68693.14,68754.56,79,0,0
2024-07-27 16:59:00,68756.75,68759.77,68679.14,68696.04,80,0,0
2024-07-27 17:00:00,68698.86,68714.41,68670.91,68677.78,78,316,0
2024-07-27 17:01:00,68675.94,68694.83,68609.31,68659.8,100,356,0
2024-07-27 17:02:00,68661.65,68751.74,68661.65,68729.76,109,35,0
2024-07-27 17:03:00,68726.32,68729.0,68689.05,68693.0,84,34,0
2024-07-27 17:04:00,68692.04,68750.25,68673.45,68742.59,113,41,0
2024-07-27 17:05:00,68735.96,68789.39,68698.51,68761.67,94,48,0
2024-07-27 17:06:00,68760.51,68769.62,68726.33,68769.55,80,48,0
2024-07-27 17:07:00,68765.87,68780.51,68753.85,68759.35,67,48,0
2024-07-27 17:08:00,68761.89,68792.26,68761.89,68770.44,66,48,0
2024-07-27 17:09:00,68774.73,68795.01,68751.54,68759.56,80,48,0
2024-07-27 17:10:00,68763.56,68794.9,68710.64,68755.51,83,49,0
2024-07-27 17:11:00,68751.9,68751.9,68708.43,68737.98,77,48,0
2024-07-27 17:12:00,68741.22,68744.79,68711.66,68718.01,88,56,0
2024-07-27 17:13:00,68716.06,68735.33,68694.62,68726.71,80,56,0
2024-07-27 17:14:00,68726.69,68733.47,68685.83,68685.83,78,56,0
2024-07-27 17:15:00,68683.91,68689.2,68570.81,68612.0,102,229,0
2024-07-27 17:16:00,68614.09,68626.28,68532.6,68626.28,159,94,0
2024-07-27 17:17:00,68628.65,68635.11,68515.14,68525.09,139,211,0
2024-07-27 17:18:00,68531.21,68555.57,68516.8,68535.5,88,122,0
2024-07-27 17:19:00,68534.06,68541.69,68502.55,68507.27,69,114,0
2024-07-27 17:20:00,68506.56,68518.12,68497.87,68505.14,64,121,0
2024-07-27 17:21:00,68507.05,68543.53,68507.05,68534.76,82,138,0
2024-07-27 17:22:00,68532.32,68674.75,68528.05,68659.74,121,154,0
2024-07-27 17:23:00,68661.09,68661.09,68560.1,68560.1,120,121,0
2024-07-27 17:24:00,68561.14,68601.14,68559.66,68594.09,82,127,0
2024-07-27 17:25:00,68594.38,68594.38,68506.43,68508.94,84,141,0
2024-07-27 17:26:00,68505.56,68545.2,68474.85,68487.51,94,141,0
2024-07-27 17:27:00,68487.58,68504.59,68430.17,68492.84,104,276,0
2024-07-27 17:28:00,68492.99,68577.19,68484.23,68572.34,106,56,0
2024-07-27 17:29:00,68565.8,68601.2,68564.63,68600.15,76,49,0
2024-07-27 17:30:00,68600.87,68627.22,68572.11,68572.8,90,34,0
2024-07-27 17:31:00,68572.81,68572.81,68492.94,68524.13,116,33,0
2024-07-27 17:32:00,68523.97,68587.04,68494.15,68507.31,125,62,0
2024-07-27 17:33:00,68506.93,68588.37,68489.93,68551.11,132,47,0
2024-07-27 17:34:00,68551.32,68551.32,68448.59,68452.68,95,124,0
2024-07-27 17:35:00,68448.94,68491.43,68431.88,68478.7,116,130,0
2024-07-27 17:36:00,68478.11,68506.43,68422.2,68465.47,101,108,0
2024-07-27 17:37:00,68462.26,68508.48,68450.93,68508.48,96,108,0
2024-07-27 17:38:00,68510.77,68567.5,68498.21,68567.5,117,95,0
2024-07-27 17:39:00,68564.7,68567.42,68484.67,68492.32,93,87,0
2024-07-27 17:40:00,68486.83,68541.71,68442.43,68541.71,107,110,0
2024-07-27 17:41:00,68542.36,68618.64,68504.53,68604.98,111,103,0
2024-07-27 17:42:00,68607.47,68631.96,68562.04,68579.37,112,88,0
2024-07-27 17:43:00,68579.74,68587.47,68512.37,68522.89,83,88,0
2024-07-27 17:44:00,68523.39,68550.77,68510.34,68528.46,87,87,0
2024-07-27 17:45:00,68528.03,68567.1,68528.03,68558.64,83,88,0
2024-07-27 17:46:00,68558.74,68613.23,68557.69,68578.71,103,96,0
2024-07-27 17:47:00,68582.27,68641.89,68578.95,68623.27,107,89,0
2024-07-27 17:48:00,68626.97,68642.01,68618.97,68636.64,69,61,0
2024-07-27 17:49:00,68636.16,68658.77,68619.79,68633.31,81,61,0
2024-07-27 17:50:00,68632.48,68651.41,68592.47,68615.95,121,54,0
2024-07-27 17:51:00,68616.56,68655.3,68616.56,68653.56,76,54,0
2024-07-27 17:52:00,68656.37,68707.75,68656.37,68685.12,71,48,0
2024-07-27 17:53:00,68682.34,68732.45,68682.34,68732.45,73,53,0
2024-07-27 17:54:00,68731.27,68731.27,68660.45,68673.24,96,46,0
2024-07-27 17:55:00,68670.74,68671.38,68536.84,68574.77,131,40,0
2024-07-27 17:56:00,68574.52,68574.52,68527.36,68557.41,81,400,0
2024-07-27 17:57:00,68556.25,68586.61,68520.96,68586.61,89,106,0
2024-07-27 17:58:00,68583.32,68603.23,68484.56,68494.46,97,106,0
2024-07-27 17:59:00,68491.35,68584.24,68488.35,68581.34,103,105,0
2024-07-27 18:00:00,68581.81,68619.38,68566.2,68601.42,95,105,0
2024-07-27 18:01:00,68595.75,68617.17,68537.08,68537.99,96,105,0
2024-07-27 18:02:00,68543.04,68620.94,68541.13,68614.05,99,98,0
2024-07-27 18:03:00,68616.18,68645.94,68611.47,68630.81,75,98,0
2024-07-27 18:04:00,68634.07,68676.59,68634.07,68658.91,71,84,0
2024-07-27 18:05:00,68660.07,68696.53,68649.12,68696.53,74,70,0
2024-07-27 18:06:00,68695.91,68728.87,68681.92,68720.08,78,41,0
2024-07-27 18:07:00,68714.91,68741.96,68703.35,68735.84,74,34,0
2024-07-27 18:08:00,68735.31,68749.3,68716.3,68747.56,76,21,0
2024-07-27 18:09:00,68746.78,68747.38,68717.82,68731.62,69,4,0
2024-07-27 18:10:00,68729.21,68792.33,68692.36,68699.0,102,0,0
2024-07-27 18:11:00,68697.36,68734.9,68664.7,68665.14,93,16,0
2024-07-27 18:12:00,68662.23,68682.05,68638.45,68674.14,80,16,0
2024-07-27 18:13:00,68671.64,68716.37,68669.56,68712.32,73,16,0
2024-07-27 18:14:00,68709.12,68751.96,68695.1,68739.23,77,23,0
2024-07-27 18:15:00,68740.18,68811.51,68727.11,68727.11,119,23,0
2024-07-27 18:16:00,68725.04,68814.62,68716.41,68794.63,109,3,0
2024-07-27 18:17:00,68792.39,68848.3,68776.05,68783.46,109,0,0
2024-07-27 18:18:00,68782.97,68860.35,68782.97,68841.74,94,0,0
2024-07-27 18:19:00,68838.87,68864.09,68797.03,68806.67,104,0,0
2024-07-27 18:20:00,68801.34,68838.1,68772.4,68812.15,97,0,0
2024-07-27 18:21:00,68812.08,68884.87,68812.08,68869.62,86,0,0
2024-07-27 18:22:00,68866.64,68928.61,68866.64,68892.82,100,0,0
2024-07-27 18:23:00,68896.98,68994.63,68896.98,68985.17,97,0,0
2024-07-27 18:24:00,68981.57,68985.43,68919.95,68936.33,115,0,0
2024-07-27 18:25:00,68929.51,68962.89,68918.3,68961.48,82,0,0
2024-07-27 18:26:00,68962.46,68977.4,68939.72,68953.07,80,0,0
2024-07-27 18:27:00,68955.25,68975.06,68950.19,68955.32,65,0,0
2024-07-27 18:28:00,68955.7,68965.11,68945.36,68959.12,72,0,0
2024-07-27 18:29:00,68958.31,68978.2,68955.72,68974.55,71,0,0
2024-07-27 18:30:00,68977.92,68981.0,68881.19,68899.89,101,0,0
2024-07-27 18:31:00,68901.73,68919.96,68817.57,68855.92,116,0,0
2024-07-27 18:32:00,68853.69,68932.81,68844.39,68886.7,95,0,0
2024-07-27 18:33:00,68888.34,68888.34,68814.87,68874.09,94,0,0
2024-07-27 18:34:00,68874.09,68896.48,68817.11,68818.67,93,28,0
2024-07-27 18:35:00,68819.37,68886.07,68801.14,68818.67,100,180,0
2024-07-27 18:36:00,68818.75,68862.78,68818.75,68862.78,80,0,0
2024-07-27 18:37:00,68861.18,68957.88,68861.18,68944.81,113,0,0
2024-07-27 18:38:00,68945.75,68977.73,68897.01,68929.92,103,0,0
2024-07-27 18:39:00,68928.84,68935.18,68913.37,68914.24,67,0,0
2024-07-27 18:40:00,68914.28,68962.65,68907.4,68950.66,106,0,0
2024-07-27 18:41:00,68949.97,68974.24,68945.99,68956.66,66,0,0
2024-07-27 18:42:00,68953.46,69013.99,68953.46,68994.19,77,0,0
2024-07-27 18:43:00,68997.36,69042.16,68994.52,69006.19,75,0,0
2024-07-27 18:44:00,69006.49,69018.51,68987.85,69001.19,77,0,0
2024-07-27 18:45:00,68998.89,69000.81,68944.32,68985.13,79,0,0
2024-07-27 18:46:00,68986.63,69013.79,68933.5,69012.75,113,0,0
2024-07-27 18:47:00,69010.41,69030.03,69001.94,69022.7,83,0,0
2024-07-27 18:48:00,69024.73,69032.62,68948.66,68976.98,93,0,0
2024-07-27 18:49:00,68976.15,68999.08,68972.69,68979.51,73,0,0
2024-07-27 18:50:00,68979.5,68986.46,68831.64,68847.44,129,0,0
2024-07-27 18:51:00,68849.11,68849.11,68619.51,68757.22,214,133,0
2024-07-27 18:52:00,68752.12,68841.34,68751.88,68841.34,128,0,0
2024-07-27 18:53:00,68842.4,68852.95,68692.01,68752.57,145,0,0
2024-07-27 18:54:00,68750.99,68750.99,68660.78,68711.38,126,0,0
2024-07-27 18:55:00,68714.25,68777.09,68519.97,68539.5,175,0,0
2024-07-27 18:56:00,68540.36,68658.4,68540.36,68651.72,183,246,0
2024-07-27 18:57:00,68653.81,68717.37,68633.13,68691.44,127,0,0
2024-07-27 18:58:00,68695.35,68720.54,68656.04,68695.73,102,0,0
2024-07-27 18:59:00,68686.35,68707.61,68567.31,68567.31,175,120,0
2024-07-27 19:00:00,68564.56,68590.71,68524.62,68524.62,110,172,0
2024-07-27 19:01:00,68522.07,68553.07,68169.34,68230.37,273,0,0
2024-07-27 19:02:00,68225.6,68359.27,68180.26,68342.77,207,0,0
2024-07-27 19:03:00,68338.69,68362.99,68278.61,68307.34,206,0,0
2024-07-27 19:04:00,68301.61,68377.89,68274.82,68326.59,149,168,0
2024-07-27 19:05:00,68326.92,68496.43,68323.94,68464.3,181,95,0
2024-07-27 19:06:00,68467.0,68483.65,68412.03,68431.15,160,53,0
2024-07-27 19:07:00,68431.99,68431.99,68232.75,68256.11,170,34,0
2024-07-27 19:08:00,68259.08,68297.22,68187.94,68256.84,165,0,0
2024-07-27 19:09:00,68254.23,68309.4,68215.59,68266.91,162,0,0
2024-07-27 19:10:00,68270.71,68309.96,68207.51,68293.67,129,0,0
2024-07-27 19:11:00,68295.48,68317.15,68239.0,68288.46,126,130,0
2024-07-27 19:12:00,68290.93,68310.86,68238.7,68295.94,125,76,0
2024-07-27 19:13:00,68297.5,68313.22,68256.94,68281.5,114,231,0
2024-07-27 19:14:00,68277.01,68361.42,68252.31,68340.37,130,4,0
2024-07-27 19:15:00,68345.07,68472.53,68321.99,68456.91,153,106,0
2024-07-27 19:16:00,68455.03,68477.49,68411.01,68438.77,161,57,0
2024-07-27 19:17:00,68434.47,68469.22,68418.24,68453.79,141,209,0
2024-07-27 19:18:00,68456.16,68476.35,68408.68,68420.94,144,148,0
2024-07-27 19:19:00,68415.6,68484.07,68376.95,68459.29,157,89,0
2024-07-27 19:20:00,68458.7,68615.13,68450.19,68576.87,184,150,0
2024-07-27 19:21:00,68573.14,68666.65,68553.83,68665.62,158,205,0
2024-07-27 19:22:00,68668.24,68680.16,68595.41,68662.06,157,47,0
2024-07-27 19:23:00,68662.6,68665.35,68581.91,68605.36,109,0,0
2024-07-27 19:24:00,68601.49,68617.3,68499.19,68499.19,132,55,0
2024-07-27 19:25:00,68497.09,68587.66,68497.09,68539.28,143,10,0
2024-07-27 19:26:00,68541.05,68638.09,68541.05,68614.89,111,90,0
2024-07-27 19:27:00,68613.86,68615.24,68563.13,68592.72,90,0,0
2024-07-27 19:28:00,68595.54,68640.0,68593.03,68624.6,84,87,0
2024-07-27 19:29:00,68625.96,68630.4,68576.21,68613.07,92,0,0
2024-07-27 19:30:00,68616.07,68709.23,68609.09,68684.73,120,0,0
2024-07-27 19:31:00,68693.17,68697.29,68558.77,68642.96,122,0,0
2024-07-27 19:32:00,68637.68,68691.79,68609.89,68691.5,89,0,0
2024-07-27 19:33:00,68691.39,68698.53,68648.35,68666.06,98,0,0
2024-07-27 19:34:00,68663.46,68696.72,68645.89,68689.11,82,0,0
2024-07-27 19:35:00,68691.27,68693.03,68446.62,68509.34,161,4,0
2024-07-27 19:36:00,68512.2,68566.32,68329.04,68329.04,159,114,0
2024-07-27 19:37:00,68333.35,68459.56,68323.7,68411.11,142,109,0
2024-07-27 19:38:00,68411.36,68431.37,68303.21,68303.21,121,0,0
2024-07-27 19:39:00,68312.67,68338.01,68226.12,68250.89,155,64,0
2024-07-27 19:40:00,68248.56,68310.8,68228.96,68235.42,128,16,0
2024-07-27 19:41:00,68231.52,68231.52,67786.09,67999.13,280,0,0
2024-07-27 19:42:00,67991.44,68042.36,67906.44,67989.4,170,1,0
2024-07-27 19:43:00,67990.42,68086.88,67986.41,68086.88,180,0,0
2024-07-27 19:44:00,68081.6,68083.03,67945.54,67980.06,163,0,0
2024-07-27 19:45:00,67975.95,68104.46,67962.88,68088.18,162,90,0
2024-07-27 19:46:00,68091.29,68113.62,68014.17,68061.26,204,215,0
2024-07-27 19:47:00,68058.79,68191.74,68033.68,68033.68,174,114,0
2024-07-27 19:48:00,68031.77,68118.49,68031.56,68054.57,128,0,0
2024-07-27 19:49:00,68053.5,68079.2,68019.01,68036.31,108,0,0
2024-07-27 19:50:00,68042.73,68091.22,68021.26,68075.42,120,0,0
2024-07-27 19:51:00,68076.15,68084.97,67985.92,68005.2,110,25,0
2024-07-27 19:52:00,68001.83,68008.18,67896.44,67933.69,97,0,0
2024-07-27 19:53:00,67931.83,68005.54,67931.83,68003.13,86,0,0
2024-07-27 19:54:00,68006.98,68126.05,68006.98,68115.42,124,0,0
2024-07-27 19:55:00,68109.4,68109.4,68000.61,68070.86,152,0,0
2024-07-27 19:56:00,68065.1,68115.09,68007.28,68097.03,151,1,0
2024-07-27 19:57:00,68097.84,68118.33,68022.21,68022.21,105,14,0
2024-07-27 19:58:00,68020.55,68214.15,68019.83,68214.15,136,20,0
2024-07-27 19:59:00,68215.38,68365.71,68200.9,68257.17,161,129,0
2024-07-27 20:00:00,68260.14,68284.13,67945.8,67998.33,172,33,0
2024-07-27 20:01:00,68000.79,68225.92,67977.89,68177.62,212,67,0
2024-07-27 20:02:00,68183.38,68424.31,68134.96,68424.31,188,206,0
2024-07-27 20:03:00,68427.67,68446.55,68129.4,68142.17,209,78,0
2024-07-27 20:04:00,68140.09,68210.4,68049.19,68210.4,174,0,0
2024-07-27 20:05:00,68209.47,68246.96,68139.97,68167.93,181,0,0
2024-07-27 20:06:00,68172.88,68178.86,68014.87,68075.48,168,0,0
2024-07-27 20:07:00,68070.25,68172.95,68047.52,68137.35,188,35,0
2024-07-27 20:08:00,68139.85,68354.79,68098.64,68346.44,195,316,0
2024-07-27 20:09:00,68349.29,68409.16,68301.53,68387.63,196,177,0
2024-07-27 20:10:00,68390.32,68417.1,68315.89,68318.34,136,90,0
2024-07-27 20:11:00,68320.65,68320.65,68088.27,68088.27,234,0,0
2024-07-27 20:12:00,68085.95,68119.6,67921.99,67971.36,182,2,0
2024-07-27 20:13:00,67970.15,67970.15,67628.0,67639.47,198,0,0
2024-07-27 20:14:00,67637.16,67724.13,67575.53,67688.33,222,19,0
2024-07-27 20:15:00,67686.74,67780.7,67514.03,67780.7,232,18,0
2024-07-27 20:16:00,67783.89,68030.78,67713.04,67915.69,258,358,0
2024-07-27 20:17:00,67919.52,67926.75,67632.17,67634.45,218,159,0
2024-07-27 20:18:00,67636.56,67771.75,67627.27,67701.79,178,279,0
2024-07-27 20:19:00,67702.19,67823.82,67702.19,67757.48,177,71,0
2024-07-27 20:20:00,67754.9,67827.39,67341.48,67341.89,235,75,0
2024-07-27 20:21:00,67340.91,67340.91,66998.17,67167.08,283,133,0
2024-07-27 20:22:00,67169.66,67208.14,66804.61,66945.04,348,279,0
2024-07-27 20:23:00,66951.0,66961.03,66645.95,66826.22,340,252,0
2024-07-27 20:24:00,66823.13,66936.56,66769.09,66842.68,280,367,0
2024-07-27 20:25:00,66837.06,66843.83,66588.14,66747.9,307,146,0
2024-07-27 20:26:00,66757.11,67107.62,66749.54,66973.15,303,77,0
2024-07-27 20:27:00,66964.92,67151.56,66936.65,67146.11,193,401,0
2024-07-27 20:28:00,67146.21,67224.54,67001.69,67011.56,255,358,0
2024-07-27 20:29:00,67016.09,67346.66,66983.64,67279.91,289,349,0
2024-07-27 20:30:00,67275.15,67373.44,67212.6,67239.11,245,282,0
2024-07-27 20:31:00,67236.2,67307.99,67065.14,67170.88,239,427,0
2024-07-27 20:32:00,67173.81,67175.92,67032.63,67146.3,243,221,0
2024-07-27 20:33:00,67149.13,67194.15,66993.24,66993.24,174,179,0
2024-07-27 20:34:00,66990.22,67014.8,66908.23,66984.51,200,183,0
2024-07-27 20:35:00,66979.23,66999.38,66825.37,66853.5,204,219,0
2024-07-27 20:36:00,66856.42,66997.26,66856.42,66970.31,176,233,0
2024-07-27 20:37:00,66967.53,67059.96,66934.58,67052.08,175,189,0
2024-07-27 20:38:00,67052.47,67065.68,66898.74,66927.42,152,197,0
2024-07-27 20:39:00,66930.07,66932.66,66713.06,66773.67,194,203,0
2024-07-27 20:40:00,66773.58,66897.04,66768.6,66864.87,161,229,0
2024-07-27 20:41:00,66867.57,66902.47,66833.86,66840.93,118,40,0
2024-07-27 20:42:00,66838.25,66917.12,66826.58,66875.47,165,63,0
2024-07-27 20:43:00,66878.62,66913.03,66821.85,66858.38,165,183,0
2024-07-27 20:44:00,66855.77,67119.3,66825.5,67119.3,161,62,0
2024-07-27 20:45:00,67122.81,68330.35,67108.66,67957.61,604,82,0
2024-07-27 20:46:00,67953.97,68283.1,67685.89,67830.19,457,0,0
2024-07-27 20:47:00,67823.21,68003.84,67446.63,67446.63,379,0,0
2024-07-27 20:48:00,67444.17,67551.01,67278.68,67536.49,333,0,0
2024-07-27 20:49:00,67531.8,67532.53,66791.45,66812.11,487,4,0
2024-07-27 20:50:00,66808.62,67132.84,66808.62,67044.01,346,481,0
2024-07-27 20:51:00,67049.89,67423.99,67049.89,67324.84,325,410,0
2024-07-27 20:52:00,67328.01,67476.3,67292.23,67414.78,246,327,0
2024-07-27 20:53:00,67409.0,68136.58,67409.0,68110.91,375,19,0
2024-07-27 20:54:00,68106.54,68123.25,67850.47,68102.79,420,196,0
2024-07-27 20:55:00,68098.87,68257.51,67950.46,67996.29,298,401,0
2024-07-27 20:56:00,68002.31,68002.31,67812.73,67883.05,219,247,0
2024-07-27 20:57:00,67878.06,67933.67,67739.38,67851.11,230,108,0
2024-07-27 20:58:00,67856.16,67885.14,67692.17,67873.11,202,84,0
2024-07-27 20:59:00,67876.27,67892.92,67697.73,67741.54,220,279,0
2024-07-27 21:00:00,67746.92,67746.92,67549.75,67549.75,166,53,0
2024-07-27 21:01:00,67547.36,67721.83,67539.99,67688.95,173,216,0
2024-07-27 21:02:00,67686.36,67892.87,67670.21,67887.12,213,159,0
2024-07-27 21:03:00,67890.85,68102.91,67863.95,68090.21,235,147,0
2024-07-27 21:04:00,68083.09,68083.09,67930.16,67993.37,230,195,0
2024-07-27 21:05:00,67990.5,68128.82,67922.43,68066.76,185,61,0
2024-07-27 21:06:00,68072.17,68212.66,68072.17,68212.66,162,139,0
2024-07-27 21:07:00,68215.11,68260.26,68102.64,68193.85,168,0,0
2024-07-27 21:08:00,68192.12,68299.77,68099.85,68242.6,173,0,0
2024-07-27 21:09:00,68239.5,68258.86,68144.97,68230.1,169,84,0
2024-07-27 21:10:00,68231.51,68369.68,68231.51,68322.62,141,0,0
2024-07-27 21:11:00,68320.45,68462.96,68309.84,68422.56,202,0,0
2024-07-27 21:12:00,68418.83,68512.48,68397.07,68420.3,148,208,0
2024-07-27 21:13:00,68426.23,68578.18,68375.24,68575.37,207,289,0
2024-07-27 21:14:00,68582.78,68664.44,68519.24,68519.24,223,44,0
2024-07-27 21:15:00,68516.2,68672.74,68457.5,68641.6,174,107,0
2024-07-27 21:16:00,68644.36,68762.86,68644.36,68717.59,185,56,0
2024-07-27 21:17:00,68712.66,68756.74,68538.94,68542.19,183,119,0
2024-07-27 21:18:00,68533.14,68650.22,68388.19,68437.84,253,180,0
2024-07-27 21:19:00,68434.89,68550.01,68375.3,68389.11,216,155,0
2024-07-27 21:20:00,68386.17,68444.72,68334.18,68337.08,161,163,0
2024-07-27 21:21:00,68343.74,68658.63,68343.74,68658.63,161,0,0
2024-07-27 21:22:00,68660.66,69137.96,68485.67,69080.53,290,0,0
2024-07-27 21:23:00,69083.91,69123.61,68883.9,68984.52,234,0,0
2024-07-27 21:24:00,68991.64,69004.98,68817.49,68912.79,216,97,0
2024-07-27 21:25:00,68909.52,69025.58,68887.58,68889.71,184,0,0
2024-07-27 21:26:00,68898.28,68941.74,68882.27,68895.52,132,131,0
2024-07-27 21:27:00,68900.55,68990.02,68838.61,68978.17,158,137,0
2024-07-27 21:28:00,68976.57,69013.15,68876.24,68999.48,167,190,0
2024-07-27 21:29:00,69001.92,69001.92,68869.06,68918.11,170,223,0
2024-07-27 21:30:00,68921.65,68969.75,68800.6,68819.14,146,283,0
2024-07-27 21:31:00,68812.77,68887.01,68677.83,68677.83,151,108,0
2024-07-27 21:32:00,68676.46,69047.05,68676.46,68999.55,212,57,0
2024-07-27 21:33:00,68996.73,69075.07,68905.87,68914.19,171,66,0
2024-07-27 21:34:00,68915.07,69111.89,68909.12,68965.58,247,361,0
2024-07-27 21:35:00,68969.07,69008.2,68895.99,68930.47,146,0,0
2024-07-27 21:36:00,68930.3,68936.47,68898.09,68922.65,84,0,0
2024-07-27 21:37:00,68917.4,68939.5,68905.23,68922.91,69,0,0
2024-07-27 21:38:00,68920.14,68994.23,68837.51,68975.67,162,0,0
2024-07-27 21:39:00,68980.27,69046.19,68930.53,68983.76,127,24,0
2024-07-27 21:40:00,68989.9,69003.57,68956.26,68975.91,88,103,0
2024-07-27 21:41:00,68970.59,68983.76,68895.98,68900.44,78,0,0
2024-07-27 21:42:00,68902.04,68926.67,68839.61,68850.79,115,0,0
2024-07-27 21:43:00,68847.3,68939.03,68826.14,68926.63,97,0,0
2024-07-27 21:44:00,68923.63,68933.63,68897.2,68933.63,77,65,0
2024-07-27 21:45:00,68927.48,68927.48,68879.89,68890.8,68,0,0
2024-07-27 21:46:00,68883.84,68883.84,68797.55,68809.46,93,0,0
2024-07-27 21:47:00,68807.5,68822.32,68703.42,68738.25,129,2,0
2024-07-27 21:48:00,68741.88,68786.6,68718.03,68769.47,87,122,0
2024-07-27 21:49:00,68773.93,68784.82,68633.73,68739.3,116,114,0
2024-07-27 21:50:00,68741.98,68804.12,68718.94,68801.45,86,0,0
2024-07-27 21:51:00,68804.94,68807.57,68767.1,68777.34,69,0,0
2024-07-27 21:52:00,68774.94,68779.98,68705.18,68705.18,82,0,0
2024-07-27 21:53:00,68702.64,68845.39,68669.35,68839.36,113,0,0
2024-07-27 21:54:00,68838.55,68838.55,68777.51,68830.37,89,0,0
2024-07-27 21:55:00,68830.13,68894.51,68829.82,68834.95,91,0,0
2024-07-27 21:56:00,68836.56,68887.59,68797.53,68878.17,88,0,0
2024-07-27 21:57:00,68881.43,68900.32,68874.73,68882.76,64,0,0
2024-07-27 21:58:00,68881.78,68918.59,68859.57,68884.05,85,0,0
2024-07-27 21:59:00,68884.89,68896.73,68846.63,68860.33,73,0,0
2024-07-27 22:00:00,68858.21,68867.67,68790.81,68799.59,160,141,0
2024-07-27 22:01:00,68803.82,68832.27,68752.11,68813.86,89,227,0
2024-07-27 22:02:00,68813.32,68813.34,68720.4,68802.17,111,0,0
2024-07-27 22:03:00,68803.94,68803.94,68692.17,68756.22,135,0,0
2024-07-27 22:04:00,68754.86,68771.5,68649.1,68650.27,115,70,0
2024-07-27 22:05:00,68652.93,68708.67,68651.8,68666.43,118,91,0
2024-07-27 22:06:00,68671.69,68671.69,68588.62,68664.52,158,96,0
2024-07-27 22:07:00,68667.59,68684.18,68618.58,68630.39,92,0,0
2024-07-27 22:08:00,68630.12,68634.96,68543.26,68601.68,113,77,0
2024-07-27 22:09:00,68600.37,68682.67,68587.43,68656.82,98,0,0
2024-07-27 22:10:00,68657.65,68675.88,68565.07,68570.69,103,0,0
2024-07-27 22:11:00,68567.72,68623.23,68565.6,68582.21,104,0,0
2024-07-27 22:12:00,68578.67,68648.0,68570.38,68615.42,76,0,0
2024-07-27 22:13:00,68619.76,68643.4,68610.07,68642.41,76,0,0
2024-07-27 22:14:00,68641.77,68657.9,68627.9,68636.61,71,0,0
2024-07-27 22:15:00,68639.55,68719.29,68626.71,68719.29,87,0,0
2024-07-27 22:16:00,68716.66,68797.52,68713.93,68774.67,112,0,0
2024-07-27 22:17:00,68772.84,68849.67,68766.26,68841.43,95,0,0
2024-07-27 22:18:00,68842.95,68856.72,68794.08,68803.84,97,0,0
2024-07-27 22:19:00,68805.08,68819.25,68739.88,68745.64,86,0,0
2024-07-27 22:20:00,68744.03,68775.12,68706.38,68774.01,96,0,0
2024-07-27 22:21:00,68778.26,68831.38,68681.92,68720.92,124,0,0
2024-07-27 22:22:00,68723.1,68742.51,68693.52,68729.72,76,0,0
2024-07-27 22:23:00,68727.48,68755.04,68720.13,68720.13,72,0,0
2024-07-27 22:24:00,68724.35,68768.22,68713.99,68736.1,84,0,0
2024-07-27 22:25:00,68740.74,68801.37,68740.74,68749.36,83,0,0
2024-07-27 22:26:00,68750.09,68763.62,68701.58,68703.76,73,0,0
2024-07-27 22:27:00,68699.22,68726.7,68671.11,68671.11,75,0,0
2024-07-27 22:28:00,68668.34,68727.46,68638.19,68659.93,85,0,0
2024-07-27 22:29:00,68653.34,68672.98,68598.95,68607.85,96,0,0
2024-07-27 22:30:00,68607.26,68652.93,68604.21,68623.06,74,66,0
2024-07-27 22:31:00,68629.36,68647.01,68564.09,68597.36,100,0,0
2024-07-27 22:32:00,68599.18,68674.96,68599.18,68670.96,89,0,0
2024-07-27 22:33:00,68674.88,68746.47,68674.88,68746.47,77,0,0
2024-07-27 22:34:00,68749.57,68787.63,68729.93,68776.01,88,0,0
2024-07-27 22:35:00,68777.72,68788.27,68736.97,68743.43,81,0,0
2024-07-27 22:36:00,68745.99,68778.78,68742.03,68761.75,80,0,0
2024-07-27 22:37:00,68761.67,68794.94,68753.36,68794.94,74,0,0
2024-07-27 22:38:00,68797.29,68813.65,68743.13,68743.13,71,0,0
2024-07-27 22:39:00,68747.6,68783.41,68747.6,68752.59,76,0,0
2024-07-27 22:40:00,68752.37,68803.26,68743.53,68779.35,89,0,0
2024-07-27 22:41:00,68779.75,68802.35,68768.82,68770.96,73,0,0
2024-07-27 22:42:00,68771.05,68799.35,68755.02,68756.46,81,0,0
2024-07-27 22:43:00,68759.7,68772.56,68699.49,68712.85,82,0,0
2024-07-27 22:44:00,68711.34,68732.78,68669.39,68687.13,78,0,0
2024-07-27 22:45:00,68686.56,68749.95,68676.35,68733.19,89,0,0
2024-07-27 22:46:00,68734.51,68744.16,68701.85,68725.46,66,0,0
2024-07-27 22:47:00,68722.49,68762.51,68695.25,68695.25,80,0,0
2024-07-27 22:48:00,68691.89,68710.09,68685.39,68690.84,67,0,0
2024-07-27 22:49:00,68692.33,68694.3,68590.46,68623.78,96,0,0
2024-07-27 22:50:00,68621.55,68649.39,68606.15,68624.81,75,0,0
2024-07-27 22:51:00,68624.43,68650.16,68589.67,68627.63,91,0,0
2024-07-27 22:52:00,68627.7,68644.03,68601.25,68613.02,82,0,0
2024-07-27 22:53:00,68615.41,68636.61,68598.8,68604.28,77,0,0
2024-07-27 22:54:00,68604.02,68628.67,68565.73,68628.67,80,0,0
2024-07-27 22:55:00,68631.15,68680.5,68614.54,68667.93,86,0,0
2024-07-27 22:56:00,68668.46,68676.33,68636.54,68651.33,87,0,0
2024-07-27 22:57:00,68651.66,68684.64,68635.24,68663.37,76,0,0
2024-07-27 22:58:00,68661.49,68670.18,68626.52,68627.0,80,0,0
2024-07-27 22:59:00,68630.22,68642.01,68616.33,68634.16,63,0,0
2024-07-27 23:00:00,68633.11,68633.11,68579.04,68618.58,85,0,0
2024-07-27 23:01:00,68621.32,68629.83,68581.65,68594.0,73,0,0
2024-07-27 23:02:00,68597.03,68597.03,68531.34,68591.03,86,0,0
2024-07-27 23:03:00,68589.9,68609.97,68550.63,68573.75,72,0,0
2024-07-27 23:04:00,68575.4,68588.01,68510.07,68554.46,89,51,0
2024-07-27 23:05:00,68553.21,68553.21,68333.34,68339.04,181,0,0
2024-07-27 23:06:00,68335.54,68460.22,68335.54,68429.06,91,28,0
2024-07-27 23:07:00,68423.31,68469.6,68379.51,68414.45,103,73,0
2024-07-27 23:08:00,68418.23,68447.0,68418.23,68430.72,69,0,0
2024-07-27 23:09:00,68430.8,68432.36,68384.82,68407.38,82,0,0
2024-07-27 23:10:00,68402.73,68434.3,68348.06,68348.06,123,0,0
2024-07-27 23:11:00,68344.55,68412.05,68330.53,68408.82,88,0,0
2024-07-27 23:12:00,68405.88,68405.88,68278.69,68285.28,124,0,0
2024-07-27 23:13:00,68284.19,68322.55,68260.35,68284.63,92,125,0
2024-07-27 23:14:00,68287.23,68306.41,68202.71,68230.02,94,0,0
2024-07-27 23:15:00,68229.05,68233.87,68150.65,68176.01,92,0,0
2024-07-27 23:16:00,68172.39,68181.55,68100.68,68125.8,97,0,0
2024-07-27 23:17:00,68126.76,68218.02,68109.51,68156.94,107,0,0
2024-07-27 23:18:00,68155.77,68193.91,68110.33,68114.87,101,0,0
2024-07-27 23:19:00,68118.96,68136.16,68040.63,68092.78,104,29,0
2024-07-27 23:20:00,68091.97,68091.97,68016.37,68032.28,98,55,0
2024-07-27 23:21:00,68031.13,68091.21,68017.46,68033.2,98,90,0
2024-07-27 23:22:00,68037.15,68118.82,68021.02,68053.54,108,0,0
2024-07-27 23:23:00,68049.72,68107.05,68032.45,68084.0,122,64,0
2024-07-27 23:24:00,68083.74,68089.53,68027.36,68076.99,109,0,0
2024-07-27 23:25:00,68082.22,68138.79,68056.75,68134.35,89,0,0
2024-07-27 23:26:00,68134.2,68227.32,68133.93,68206.51,89,0,0
2024-07-27 23:27:00,68207.09,68238.75,68187.0,68220.19,77,0,0
2024-07-27 23:28:00,68220.22,68221.06,68160.13,68183.86,76,0,0
2024-07-27 23:29:00,68185.96,68191.12,68135.9,68174.88,96,0,0
2024-07-27 23:30:00,68175.92,68227.82,68175.92,68201.24,76,0,0
2024-07-27 23:31:00,68201.43,68242.95,68163.32,68163.32,86,0,0
2024-07-27 23:32:00,68160.69,68165.34,68097.53,68099.37,81,0,0
2024-07-27 23:33:00,68100.25,68159.45,68100.25,68114.79,84,0,0
2024-07-27 23:34:00,68113.48,68149.4,68099.03,68112.91,83,0,0
2024-07-27 23:35:00,68112.0,68128.39,68037.4,68067.66,87,102,0
2024-07-27 23:36:00,68062.34,68122.51,68042.47,68113.79,87,0,0
2024-07-27 23:37:00,68118.52,68120.68,68097.33,68111.4,66,0,0
2024-07-27 23:38:00,68111.66,68130.85,68111.66,68130.85,60,0,0
2024-07-27 23:39:00,68129.81,68130.02,68090.11,68110.3,77,0,0
2024-07-27 23:40:00,68110.73,68117.27,68083.57,68088.25,74,0,0
2024-07-27 23:41:00,68087.99,68124.07,68083.87,68090.29,80,0,0
2024-07-27 23:42:00,68085.56,68085.56,68038.04,68062.17,73,9,0
2024-07-27 23:43:00,68059.52,68069.24,68035.94,68051.48,76,170,0
2024-07-27 23:44:00,68048.81,68080.77,68044.61,68066.39,66,0,0
2024-07-27 23:45:00,68071.71,68123.27,68071.71,68120.21,91,0,0
2024-07-27 23:46:00,68123.85,68133.58,68090.08,68125.19,71,0,0
2024-07-27 23:47:00,68126.42,68142.21,68055.9,68060.22,93,0,0
2024-07-27 23:48:00,68065.22,68100.31,68065.22,68073.17,77,0,0
2024-07-27 23:49:00,68072.18,68089.81,68056.39,68056.39,74,0,0
2024-07-27 23:50:00,68058.57,68076.66,68030.94,68064.91,73,0,0
2024-07-27 23:51:00,68065.14,68084.81,68051.26,68067.31,75,0,0
2024-07-27 23:52:00,68070.96,68076.59,68062.58,68069.6,59,0,0
2024-07-27 23:53:00,68069.85,68078.65,68047.04,68050.24,75,0,0
2024-07-27 23:54:00,68052.69,68055.74,67987.2,68036.13,102,108,0
2024-07-27 23:55:00,68031.07,68031.07,67964.85,67972.8,79,62,0
2024-07-27 23:56:00,67969.47,67976.77,67865.8,67887.39,97,0,0
2024-07-27 23:57:00,67882.78,67931.43,67778.6,67791.7,146,0,0
2024-07-27 23:58:00,67788.82,67846.09,67760.52,67801.35,114,11,0
2024-07-27 23:59:00,67801.22,67932.51,67784.4,67900.53,121,0,0
2024-07-28 00:00:00,67906.22,67906.22,67756.27,67778.4,113,0,0
2024-07-28 00:01:00,67780.53,67853.61,67780.53,67822.54,112,0,0
2024-07-28 00:02:00,67824.31,67825.62,67749.79,67780.16,97,67,0
2024-07-28 00:03:00,67777.52,67777.52,67606.05,67618.21,122,0,0
2024-07-28 00:04:00,67615.37,67732.83,67531.28,67531.28,165,0,0
2024-07-28 00:05:00,67527.9,67664.55,67521.43,67655.57,134,0,0
2024-07-28 00:06:00,67659.35,67667.91,67566.02,67566.02,125,0,0
2024-07-28 00:07:00,67564.5,67578.8,67530.12,67541.95,105,0,0
2024-07-28 00:08:00,67539.51,67539.51,67243.61,67348.72,171,0,0
2024-07-28 00:09:00,67351.89,67481.01,67333.35,67478.88,145,107,0
2024-07-28 00:10:00,67472.8,67592.95,67455.24,67581.27,123,44,0
2024-07-28 00:11:00,67580.51,67670.75,67580.51,67649.43,116,0,0
2024-07-28 00:12:00,67645.78,67688.81,67624.26,67627.35,89,0,0
2024-07-28 00:13:00,67623.58,67623.58,67562.54,67581.92,111,0,0
2024-07-28 00:14:00,67580.08,67614.64,67533.16,67576.95,111,0,0
2024-07-28 00:15:00,67573.95,67675.64,67573.95,67609.06,124,0,0
2024-07-28 00:16:00,67603.67,67690.83,67550.74,67687.12,124,0,0
2024-07-28 00:17:00,67688.19,67769.47,67679.33,67733.66,118,0,0
2024-07-28 00:18:00,67738.99,67741.42,67618.14,67650.19,142,0,0
2024-07-28 00:19:00,67649.48,67698.42,67639.5,67651.4,95,0,0
2024-07-28 00:20:00,67656.97,67701.81,67618.04,67677.83,134,0,0
2024-07-28 00:21:00,67673.15,67735.9,67629.76,67644.47,115,0,0
2024-07-28 00:22:00,67642.32,67730.19,67635.67,67703.62,123,0,0
2024-07-28 00:23:00,67699.97,67761.1,67695.49,67757.0,92,33,0
2024-07-28 00:24:00,67759.17,67759.17,67705.18,67714.97,93,0,0
2024-07-28 00:25:00,67710.99,67757.83,67698.42,67757.28,89,0,0
2024-07-28 00:26:00,67759.51,67824.64,67748.94,67816.75,75,0,0
2024-07-28 00:27:00,67810.44,67976.43,67783.81,67948.59,100,0,0
2024-07-28 00:28:00,67946.19,67972.27,67889.19,67958.68,132,254,0
2024-07-28 00:29:00,67952.29,67980.72,67952.29,67969.22,70,0,0
2024-07-28 00:30:00,67966.08,67966.08,67871.73,67902.54,110,0,0
2024-07-28 00:31:00,67905.29,67951.74,67868.58,67928.37,123,0,0
2024-07-28 00:32:00,67924.91,67966.1,67911.57,67950.98,91,2,0
2024-07-28 00:33:00,67947.87,67969.43,67903.49,67965.65,105,64,0
2024-07-28 00:34:00,67957.32,68017.74,67952.32,68017.74,88,0,0
2024-07-28 00:35:00,68022.21,68058.75,67981.95,67983.02,125,0,0
2024-07-28 00:36:00,67985.62,68009.98,67928.05,67953.26,102,92,0
2024-07-28 00:37:00,67959.17,68004.48,67956.21,68004.48,84,0,0
2024-07-28 00:38:00,68004.21,68050.93,68004.21,68049.58,95,0,0
2024-07-28 00:39:00,68051.87,68080.6,68011.05,68040.16,91,0,0
2024-07-28 00:40:00,68039.98,68082.81,68039.98,68079.24,74,0,0
2024-07-28 00:41:00,68083.43,68094.43,68058.15,68058.15,69,0,0
2024-07-28 00:42:00,68055.84,68055.84,67957.92,67994.45,110,33,0
2024-07-28 00:43:00,67996.28,68030.34,67994.43,68007.26,73,0,0
2024-07-28 00:44:00,68004.75,68018.67,67936.43,67951.67,80,94,0
2024-07-28 00:45:00,67946.59,67946.59,67890.26,67900.81,64,92,0
2024-07-28 00:46:00,67904.27,67964.02,67886.06,67929.93,96,78,0
2024-07-28 00:47:00,67928.2,67935.75,67860.43,67860.88,83,177,0
2024-07-28 00:48:00,67861.98,67901.6,67805.24,67805.24,79,214,0
2024-07-28 00:49:00,67803.08,67824.56,67788.54,67803.59,73,343,0
2024-07-28 00:50:00,67808.07,67871.9,67793.31,67859.59,79,0,0
2024-07-28 00:51:00,67861.23,67872.95,67808.36,67835.34,87,0,0
2024-07-28 00:52:00,67837.92,67940.27,67837.92,67901.09,98,0,0
2024-07-28 00:53:00,67903.35,67929.89,67848.07,67873.49,83,0,0
2024-07-28 00:54:00,67872.48,67916.26,67860.43,67891.88,75,0,0
2024-07-28 00:55:00,67895.07,67971.29,67895.07,67955.46,84,0,0
2024-07-28 00:56:00,67950.78,67986.72,67946.67,67974.07,65,0,0
2024-07-28 00:57:00,67974.37,68015.43,67933.46,67944.67,92,0,0
2024-07-28 00:58:00,67946.05,67946.13,67890.67,67939.99,82,0,0
2024-07-28 00:59:00,67940.07,67972.67,67936.2,67949.01,68,0,0
2024-07-28 01:00:00,67950.69,67963.43,67932.49,67954.79,81,0,0
2024-07-28 01:01:00,67954.34,68033.1,67951.28,68033.1,81,0,0
2024-07-28 01:02:00,68030.88,68086.46,68024.35,68052.64,92,0,0
2024-07-28 01:03:00,68053.49,68059.42,67990.99,68001.8,75,0,0
2024-07-28 01:04:00,68002.98,68054.86,67998.33,68007.72,83,0,0
2024-07-28 01:05:00,68007.38,68058.35,67989.54,68003.67,93,0,0
2024-07-28 01:06:00,68003.58,68025.77,67994.02,68025.77,77,0,0
2024-07-28 01:07:00,68028.17,68093.04,68028.17,68073.32,93,0,0
2024-07-28 01:08:00,68072.93,68109.23,68051.99,68103.62,80,0,0
2024-07-28 01:09:00,68108.76,68112.03,68067.78,68109.11,76,0,0
2024-07-28 01:10:00,68108.59,68113.57,68021.8,68058.58,83,0,0
2024-07-28 01:11:00,68060.83,68109.66,68043.05,68100.02,86,0,0
2024-07-28 01:12:00,68100.04,68109.31,68072.75,68109.31,65,0,0
2024-07-28 01:13:00,68109.31,68127.14,68067.53,68068.49,87,0,0
2024-07-28 01:14:00,68070.45,68113.67,68070.45,68087.64,67,0,0
2024-07-28 01:15:00,68087.65,68097.77,68026.07,68054.85,82,41,0
2024-07-28 01:16:00,68055.14,68055.14,67994.91,68047.96,92,0,0
2024-07-28 01:17:00,68050.39,68075.16,68013.66,68024.29,85,0,0
2024-07-28 01:18:00,68023.67,68023.67,67887.07,67894.67,127,0,0
2024-07-28 01:19:00,67898.37,67967.38,67892.55,67960.73,75,0,0
2024-07-28 01:20:00,67959.56,67988.58,67937.08,67986.95,84,0,0
2024-07-28 01:21:00,67986.59,68045.04,67981.22,68045.04,77,0,0
2024-07-28 01:22:00,68044.4,68095.24,68035.44,68077.55,95,0,0
2024-07-28 01:23:00,68074.02,68135.83,68056.77,68120.03,80,0,0
2024-07-28 01:24:00,68115.68,68136.74,68095.09,68136.67,67,0,0
2024-07-28 01:25:00,68135.65,68166.71,68121.68,68125.47,75,0,0
2024-07-28 01:26:00,68125.96,68138.55,68120.73,68127.59,61,0,0
2024-07-28 01:27:00,68127.03,68165.28,68126.05,68142.95,65,0,0
2024-07-28 01:28:00,68146.39,68153.39,68124.32,68124.34,69,0,0
2024-07-28 01:29:00,68126.81,68153.9,68109.97,68138.58,73,0,0
2024-07-28 01:30:00,68137.08,68146.4,68119.41,68127.27,67,0,0
2024-07-28 01:31:00,68126.24,68126.24,68070.71,68075.77,79,42,0
2024-07-28 01:32:00,68074.92,68160.8,68066.62,68154.97,86,0,0
2024-07-28 01:33:00,68152.38,68203.75,68149.38,68197.42,69,0,0
2024-07-28 01:34:00,68201.16,68201.16,68153.83,68190.11,80,0,0
2024-07-28 01:35:00,68187.29,68204.76,68138.53,68150.31,102,4,0
2024-07-28 01:36:00,68145.71,68184.9,68127.71,68184.9,75,32,0
2024-07-28 01:37:00,68187.3,68196.57,68142.32,68180.25,77,42,0
2024-07-28 01:38:00,68180.78,68183.85,68145.45,68153.05,78,0,0
2024-07-28 01:39:00,68150.89,68153.73,68116.72,68139.37,72,132,0
2024-07-28 01:40:00,68143.42,68160.32,68135.38,68154.77,66,0,0
2024-07-28 01:41:00,68159.11,68201.21,68126.94,68148.27,92,0,0
2024-07-28 01:42:00,68148.13,68204.44,68128.85,68200.07,95,0,0
2024-07-28 01:43:00,68200.17,68238.22,68200.17,68220.26,68,0,0
2024-07-28 01:44:00,68221.01,68221.61,68186.04,68200.45,69,0,0
2024-07-28 01:45:00,68199.17,68231.35,68193.67,68225.84,67,0,0
2024-07-28 01:46:00,68225.3,68317.93,68225.3,68310.63,119,0,0
2024-07-28 01:47:00,68309.74,68319.64,68270.54,68283.13,70,0,0
2024-07-28 01:48:00,68284.63,68301.08,68221.09,68224.76,119,0,0
2024-07-28 01:49:00,68232.94,68262.38,68215.7,68250.08,69,0,0
2024-07-28 01:50:00,68250.99,68267.58,68185.97,68185.97,81,0,0
2024-07-28 01:51:00,68184.43,68224.56,68176.84,68205.88,77,170,0
2024-07-28 01:52:00,68212.45,68224.0,68190.68,68193.13,69,0,0
2024-07-28 01:53:00,68190.97,68196.8,68175.49,68183.06,58,0,0
2024-07-28 01:54:00,68183.38,68183.38,68088.63,68128.16,86,0,0
2024-07-28 01:55:00,68129.89,68171.46,68129.61,68152.93,83,0,0
2024-07-28 01:56:00,68150.75,68191.56,68131.07,68186.22,70,0,0
2024-07-28 01:57:00,68185.36,68185.86,68122.15,68142.05,78,0,0
2024-07-28 01:58:00,68141.16,68141.88,68073.78,68085.96,67,126,0
2024-07-28 01:59:00,68081.47,68085.77,68054.81,68054.81,61,35,0
2024-07-28 02:00:00,68058.13,68107.8,68047.04,68047.04,76,97,0
2024-07-28 02:01:00,68045.7,68115.92,68045.7,68108.4,66,36,0
2024-07-28 02:02:00,68109.59,68157.92,68103.16,68153.96,70,0,0
2024-07-28 02:03:00,68155.4,68155.4,68098.6,68114.71,75,0,0
2024-07-28 02:04:00,68113.71,68114.39,68087.67,68093.22,61,132,0
2024-07-28 02:05:00,68093.29,68101.67,68012.82,68020.1,83,79,0
2024-07-28 02:06:00,68017.14,68057.31,67958.48,68006.34,102,261,0
2024-07-28 02:07:00,68009.57,68035.51,67969.78,68035.51,83,0,0
2024-07-28 02:08:00,68037.07,68058.84,67994.77,67994.77,80,0,0
2024-07-28 02:09:00,67998.66,68076.09,67994.28,68068.89,92,11,0
2024-07-28 02:10:00,68068.1,68094.47,68049.97,68072.17,81,0,0
2024-07-28 02:11:00,68074.14,68081.61,68051.94,68052.1,59,0,0
2024-07-28 02:12:00,68051.76,68063.41,67989.27,68009.2,84,0,0
2024-07-28 02:13:00,68008.02,68008.02,67977.89,67979.23,63,52,0
2024-07-28 02:14:00,67979.04,67989.91,67962.78,67985.28,74,228,0
2024-07-28 02:15:00,67984.78,67988.74,67964.13,67979.32,64,133,0
2024-07-28 02:16:00,67978.41,67987.43,67921.75,67980.04,97,16,0
2024-07-28 02:17:00,67981.07,68035.87,67975.21,68028.25,83,0,0
2024-07-28 02:18:00,68022.47,68022.47,67980.05,67989.89,68,0,0
2024-07-28 02:19:00,67990.03,68002.72,67975.33,67991.81,71,0,0
2024-07-28 02:20:00,67990.55,68017.78,67971.48,68011.89,71,0,0
2024-07-28 02:21:00,68012.91,68082.21,68012.28,68082.21,79,0,0
2024-07-28 02:22:00,68082.31,68090.65,68032.03,68086.41,92,0,0
2024-07-28 02:23:00,68086.38,68108.23,68084.46,68101.74,68,0,0
2024-07-28 02:24:00,68101.14,68115.74,68064.23,68081.51,83,0,0
2024-07-28 02:25:00,68079.59,68096.29,68046.11,68054.33,75,0,0
2024-07-28 02:26:00,68044.97,68060.4,68025.81,68058.51,70,0,0
2024-07-28 02:27:00,68057.79,68057.79,68017.27,68017.27,69,0,0
2024-07-28 02:28:00,68010.39,68043.11,67997.8,68007.02,74,0,0
2024-07-28 02:29:00,68005.26,68030.53,68002.88,68024.71,62,0,0
2024-07-28 02:30:00,68029.73,68093.48,68029.73,68090.78,86,0,0
2024-07-28 02:31:00,68090.29,68105.31,68062.37,68066.38,80,0,0
2024-07-28 02:32:00,68067.64,68113.85,68063.9,68094.24,78,0,0
2024-07-28 02:33:00,68094.17,68099.35,68075.86,68099.35,64,0,0
2024-07-28 02:34:00,68101.43,68133.88,68087.08,68111.46,71,0,0
2024-07-28 02:35:00,68109.53,68118.23,68082.88,68091.33,73,0,0
2024-07-28 02:36:00,68092.85,68121.86,68072.88,68109.57,70,0,0
2024-07-28 02:37:00,68109.03,68143.35,68063.82,68076.37,90,0,0
2024-07-28 02:38:00,68080.55,68120.25,68063.92,68105.79,71,0,0
2024-07-28 02:39:00,68110.73,68135.21,68083.98,68100.7,78,52,0
2024-07-28 02:40:00,68102.04,68137.27,68102.04,68119.96,63,0,0
2024-07-28 02:41:00,68120.02,68128.74,68091.09,68113.2,73,0,0
2024-07-28 02:42:00,68111.02,68130.36,68086.41,68106.97,76,0,0
2024-07-28 02:43:00,68108.0,68140.77,68100.92,68140.77,61,0,0
2024-07-28 02:44:00,68142.99,68148.13,68130.3,68144.63,59,0,0
2024-07-28 02:45:00,68142.73,68143.03,68092.23,68106.01,72,0,0
2024-07-28 02:46:00,68106.94,68116.79,68062.16,68073.94,88,0,0
2024-07-28 02:47:00,68068.57,68092.39,68037.41,68083.94,76,0,0
2024-07-28 02:48:00,68084.06,68107.14,68074.36,68097.11,72,0,0
2024-07-28 02:49:00,68097.3,68099.54,68076.71,68081.15,64,0,0
2024-07-28 02:50:00,68081.58,68090.88,68055.84,68090.46,74,0,0
2024-07-28 02:51:00,68090.68,68096.09,68068.48,68090.63,68,0,0
2024-07-28 02:52:00,68091.35,68132.13,68078.99,68128.24,81,0,0
2024-07-28 02:53:00,68128.94,68136.81,68116.91,68117.08,56,0,0
2024-07-28 02:54:00,68116.66,68118.25,68103.23,68111.94,60,0,0
2024-07-28 02:55:00,68111.47,68166.25,68111.38,68166.25,69,0,0
2024-07-28 02:56:00,68167.66,68186.44,68160.12,68180.25,62,0,0
2024-07-28 02:57:00,68180.51,68180.67,68139.88,68145.79,70,0,0
2024-07-28 02:58:00,68145.62,68178.34,68133.99,68165.88,72,0,0
2024-07-28 02:59:00,68165.17,68182.71,68154.14,68154.14,65,0,0
2024-07-28 03:00:00,68151.86,68181.77,68131.8,68152.37,76,0,0
2024-07-28 03:01:00,68150.24,68150.24,68102.92,68109.02,67,0,0
2024-07-28 03:02:00,68112.4,68132.5,68104.76,68109.72,61,200,0
2024-07-28 03:03:00,68110.34,68174.89,68109.5,68169.3,71,0,0
2024-07-28 03:04:00,68169.34,68173.56,68128.63,68132.58,69,0,0
2024-07-28 03:05:00,68134.76,68152.79,68091.8,68105.07,84,57,0
2024-07-28 03:06:00,68102.8,68106.33,68056.17,68076.7,72,3,0
2024-07-28 03:07:00,68079.76,68105.53,68074.64,68082.96,76,0,0
2024-07-28 03:08:00,68083.63,68096.23,68083.63,68092.1,58,0,0
2024-07-28 03:09:00,68090.79,68101.56,68085.97,68088.04,61,0,0
2024-07-28 03:10:00,68089.69,68147.37,68088.93,68119.62,76,0,0
2024-07-28 03:11:00,68116.36,68134.84,68112.3,68118.13,59,0,0
2024-07-28 03:12:00,68119.73,68124.16,68081.08,68118.24,75,0,0
2024-07-28 03:13:00,68115.78,68116.61,68092.8,68096.15,65,0,0
2024-07-28 03:14:00,68093.13,68104.29,68071.85,68071.85,63,143,0
2024-07-28 03:15:00,68073.61,68090.93,68021.12,68033.01,71,0,0
2024-07-28 03:16:00,68032.89,68034.67,67986.29,68021.01,84,0,0
2024-07-28 03:17:00,68020.49,68036.79,67989.85,68036.45,73,32,0
2024-07-28 03:18:00,68036.18,68062.85,68010.88,68055.41,72,0,0
2024-07-28 03:19:00,68055.14,68070.17,68035.85,68040.62,68,0,0
2024-07-28 03:20:00,68039.52,68039.52,67980.44,68020.16,96,0,0
2024-07-28 03:21:00,68021.9,68029.14,67985.92,68017.7,72,213,0
2024-07-28 03:22:00,68015.2,68046.25,68013.12,68039.88,62,0,0
2024-07-28 03:23:00,68037.27,68037.27,67949.57,67989.43,89,0,0
2024-07-28 03:24:00,67987.96,68013.27,67978.96,68003.11,66,79,0
2024-07-28 03:25:00,68007.01,68022.46,67991.85,68009.39,70,0,0
2024-07-28 03:26:00,68009.38,68062.92,68003.81,68062.92,71,0,0
2024-07-28 03:27:00,68062.85,68092.24,68053.12,68078.37,72,0,0
2024-07-28 03:28:00,68078.8,68091.88,68069.47,68078.25,61,0,0
2024-07-28 03:29:00,68079.59,68079.59,68065.75,68066.79,61,0,0
2024-07-28 03:30:00,68064.06,68068.02,68041.82,68054.48,71,0,0
2024-07-28 03:31:00,68054.76,68090.87,68053.78,68078.63,67,0,0
2024-07-28 03:32:00,68078.77,68082.96,68053.44,68057.23,65,0,0
2024-07-28 03:33:00,68057.46,68084.89,68056.79,68075.07,67,0,0
2024-07-28 03:34:00,68076.07,68088.97,68073.33,68082.81,62,0,0
2024-07-28 03:35:00,68074.58,68104.2,68070.37,68085.81,73,0,0
2024-07-28 03:36:00,68085.73,68100.39,68074.97,68085.01,66,0,0
2024-07-28 03:37:00,68083.66,68093.76,68073.19,68080.86,68,0,0
2024-07-28 03:38:00,68080.23,68085.47,68072.96,68082.02,62,0,0
2024-07-28 03:39:00,68082.81,68083.72,68058.52,68079.04,63,0,0
2024-07-28 03:40:00,68080.05,68083.21,68020.12,68052.14,84,0,0
2024-07-28 03:41:00,68054.52,68062.33,68018.72,68024.87,90,24,0
2024-07-28 03:42:00,68029.06,68037.47,68015.52,68022.08,64,76,0
2024-07-28 03:43:00,68022.25,68024.59,67993.59,68008.55,68,10,0
2024-07-28 03:44:00,68009.1,68013.4,67989.31,68004.73,65,42,0
2024-07-28 03:45:00,68001.53,68065.45,67971.55,68058.06,90,54,0
2024-07-28 03:46:00,68057.29,68057.29,68013.18,68037.13,71,0,0
2024-07-28 03:47:00,68038.56,68053.07,68016.6,68038.76,77,43,0
2024-07-28 03:48:00,68040.63,68072.14,68010.47,68026.02,82,0,0
2024-07-28 03:49:00,68025.98,68055.93,68008.85,68039.72,86,77,0
2024-07-28 03:50:00,68042.39,68058.09,68019.48,68050.23,77,0,0
2024-07-28 03:51:00,68051.52,68060.38,68019.66,68019.99,74,0,0
2024-07-28 03:52:00,68017.78,68019.19,67986.47,67986.47,74,0,0
2024-07-28 03:53:00,67985.05,68003.66,67944.34,67964.88,67,143,0
2024-07-28 03:54:00,67961.64,67997.21,67950.07,67969.68,79,239,0
2024-07-28 03:55:00,67976.53,67990.07,67953.23,67966.88,67,362,0
2024-07-28 03:56:00,67963.43,67994.22,67962.02,67976.02,66,189,0
2024-07-28 03:57:00,67980.22,68011.49,67963.69,67963.69,78,146,0
2024-07-28 03:58:00,67960.61,67967.49,67917.03,67936.4,70,250,0
2024-07-28 03:59:00,67935.91,67935.91,67887.96,67898.96,67,170,0
2024-07-28 04:00:00,67898.33,67966.04,67898.33,67940.62,86,136,0
2024-07-28 04:01:00,67940.66,67982.2,67934.39,67971.44,74,0,0
2024-07-28 04:02:00,67972.78,67983.21,67937.98,67941.06,76,0,0
2024-07-28 04:03:00,67939.52,67955.95,67921.98,67934.93,73,152,0
2024-07-28 04:04:00,67933.36,67971.97,67929.53,67967.26,76,44,0
2024-07-28 04:05:00,67970.01,67971.73,67925.96,67959.41,78,90,0
2024-07-28 04:06:00,67952.31,67961.58,67930.42,67935.69,69,83,0
2024-07-28 04:07:00,67935.2,67935.2,67900.58,67919.53,63,216,0
2024-07-28 04:08:00,67922.2,67979.45,67922.2,67973.93,80,0,0
2024-07-28 04:09:00,67969.83,67989.42,67963.02,67969.34,67,0,0
2024-07-28 04:10:00,67969.35,67981.24,67954.56,67960.84,60,0,0
2024-07-28 04:11:00,67958.32,68001.57,67916.9,67996.7,87,30,0
2024-07-28 04:12:00,67994.55,68039.6,67991.52,68015.1,70,0,0
2024-07-28 04:13:00,68017.23,68026.39,67988.1,68001.73,69,0,0
2024-07-28 04:14:00,68000.08,68000.42,67988.1,67995.9,56,0,0
2024-07-28 04:15:00,67996.67,68001.35,67955.95,67982.66,75,0,0
2024-07-28 04:16:00,67980.16,67987.6,67949.29,67949.29,67,84,0
2024-07-28 04:17:00,67948.6,67968.01,67933.85,67949.18,72,199,0
2024-07-28 04:18:00,67948.94,67948.97,67895.97,67895.97,64,0,0
2024-07-28 04:19:00,67896.52,67899.3,67815.34,67846.8,99,93,0
2024-07-28 04:20:00,67845.35,67883.29,67839.98,67870.52,84,15,0
2024-07-28 04:21:00,67874.97,67898.16,67850.27,67885.89,69,0,0
2024-07-28 04:22:00,67888.79,67893.99,67840.27,67845.3,83,0,0
2024-07-28 04:23:00,67846.27,67855.09,67830.89,67844.43,66,258,0
2024-07-28 04:24:00,67843.2,67853.18,67778.44,67795.65,70,172,0
2024-07-28 04:25:00,67793.95,67793.95,67720.35,67775.57,96,154,0
2024-07-28 04:26:00,67779.81,67779.81,67703.9,67769.96,91,142,0
2024-07-28 04:27:00,67773.95,67807.1,67742.01,67756.58,95,0,0
2024-07-28 04:28:00,67757.24,67759.49,67740.28,67747.29,63,0,0
2024-07-28 04:29:00,67747.38,67780.91,67743.66,67774.95,65,0,0
2024-07-28 04:30:00,67775.12,67775.12,67711.96,67744.84,95,0,0
2024-07-28 04:31:00,67739.22,67739.22,67665.51,67680.96,91,300,0
2024-07-28 04:32:00,67680.35,67774.62,67680.35,67768.77,86,0,0
2024-07-28 04:33:00,67766.41,67766.44,67738.9,67758.18,77,0,0
2024-07-28 04:34:00,67755.05,67755.05,67650.61,67678.15,88,0,0
2024-07-28 04:35:00,67675.7,67685.34,67639.86,67685.34,81,401,0
2024-07-28 04:36:00,67686.8,67686.8,67643.86,67684.04,73,151,0
2024-07-28 04:37:00,67685.88,67755.17,67678.93,67752.09,82,41,0
2024-07-28 04:38:00,67747.86,67747.86,67680.86,67688.77,80,89,0
2024-07-28 04:39:00,67690.04,67703.69,67678.79,67701.22,68,109,0
2024-07-28 04:40:00,67701.08,67749.21,67690.05,67742.78,78,78,0
2024-07-28 04:41:00,67739.57,67754.31,67730.56,67739.01,60,79,0
2024-07-28 04:42:00,67743.36,67775.63,67734.17,67774.05,64,126,0
2024-07-28 04:43:00,67774.16,67777.48,67762.58,67775.62,59,78,0
2024-07-28 04:44:00,67778.41,67782.79,67683.99,67696.42,82,96,0
2024-07-28 04:45:00,67697.54,67717.06,67681.07,67704.95,70,212,0
2024-07-28 04:46:00,67704.69,67710.53,67656.23,67692.52,85,325,0
2024-07-28 04:47:00,67694.72,67694.72,67627.62,67638.55,74,180,0
2024-07-28 04:48:00,67632.66,67646.62,67580.05,67580.05,80,129,0
2024-07-28 04:49:00,67578.35,67651.42,67563.68,67601.69,99,93,0
2024-07-28 04:50:00,67602.42,67651.07,67602.42,67651.07,81,296,0
2024-07-28 04:51:00,67649.49,67663.24,67629.22,67639.74,73,107,0
2024-07-28 04:52:00,67636.72,67650.25,67636.0,67642.54,61,114,0
2024-07-28 04:53:00,67641.19,67649.58,67593.82,67593.82,70,114,0
2024-07-28 04:54:00,67589.23,67616.92,67551.26,67575.78,76,340,0
2024-07-28 04:55:00,67574.3,67622.78,67567.07,67595.35,80,431,0
2024-07-28 04:56:00,67595.66,67634.48,67595.66,67631.96,67,221,0
2024-07-28 04:57:00,67630.29,67632.47,67553.78,67578.56,74,378,0
2024-07-28 04:58:00,67577.95,67578.11,67502.31,67503.16,69,325,0
2024-07-28 04:59:00,67506.24,67535.15,67280.81,67284.75,139,129,0
2024-07-28 05:00:00,67284.76,67412.79,67284.76,67378.9,140,168,0
2024-07-28 05:01:00,67378.47,67380.66,67195.77,67205.95,170,150,0
2024-07-28 05:02:00,67208.46,67242.4,67141.3,67202.1,137,144,0
2024-07-28 05:03:00,67197.62,67205.31,67089.9,67196.65,112,149,0
2024-07-28 05:04:00,67198.83,67209.36,67071.84,67086.33,137,190,0
2024-07-28 05:05:00,67084.54,67182.76,67070.49,67182.76,139,233,0
2024-07-28 05:06:00,67186.87,67186.87,67078.3,67179.38,136,239,0
2024-07-28 05:07:00,67180.59,67180.59,67066.73,67066.73,111,308,0
2024-07-28 05:08:00,67066.29,67100.17,67014.97,67024.16,134,334,0
2024-07-28 05:09:00,67028.61,67069.9,66991.63,67069.9,102,269,0
2024-07-28 05:10:00,67072.04,67223.7,67072.04,67174.63,137,307,0
2024-07-28 05:11:00,67170.68,67180.75,67124.49,67143.75,129,210,0
2024-07-28 05:12:00,67147.06,67252.5,67140.95,67240.95,114,228,0
2024-07-28 05:13:00,67245.0,67248.34,67147.96,67172.72,131,276,0
2024-07-28 05:14:00,67173.32,67262.42,67163.56,67260.34,104,213,0
2024-07-28 05:15:00,67261.51,67265.2,67193.84,67196.1,93,211,0
2024-07-28 05:16:00,67195.96,67265.49,67174.53,67192.17,118,211,0
2024-07-28 05:17:00,67192.61,67206.42,67164.98,67185.55,110,211,0
2024-07-28 05:18:00,67179.74,67188.9,67138.26,67170.76,93,218,0
2024-07-28 05:19:00,67174.84,67184.99,67169.29,67184.03,63,218,0
2024-07-28 05:20:00,67183.56,67214.66,67170.58,67185.16,75,225,0
2024-07-28 05:21:00,67187.56,67207.4,67166.1,67187.92,85,232,0
2024-07-28 05:22:00,67188.41,67205.57,67128.24,67144.0,94,238,0
2024-07-28 05:23:00,67138.0,67199.68,67130.31,67199.68,78,246,0
2024-07-28 05:24:00,67202.51,67256.26,67182.45,67246.4,92,252,0
2024-07-28 05:25:00,67251.12,67283.9,67239.83,67281.65,83,253,0
2024-07-28 05:26:00,67285.81,67304.75,67268.67,67304.75,81,253,0
2024-07-28 05:27:00,67306.91,67381.47,67301.44,67378.61,91,215,0
2024-07-28 05:28:00,67372.31,67407.33,67359.72,67385.88,81,201,0
2024-07-28 05:29:00,67386.32,67392.88,67362.48,67390.28,72,224,0
2024-07-28 05:30:00,67386.38,67395.57,67317.43,67318.2,91,224,0
2024-07-28 05:31:00,67318.45,67385.53,67318.45,67377.44,93,224,0
2024-07-28 05:32:00,67381.99,67451.51,67381.99,67449.55,76,255,0
2024-07-28 05:33:00,67445.66,67493.57,67442.06,67484.37,75,247,0
2024-07-28 05:34:00,67482.69,67482.69,67419.18,67441.78,88,247,0
2024-07-28 05:35:00,67442.31,67445.47,67342.92,67403.32,108,303,0
2024-07-28 05:36:00,67406.74,67408.98,67329.43,67332.4,79,491,0
2024-07-28 05:37:00,67326.65,67353.17,67326.65,67344.52,61,341,0
2024-07-28 05:38:00,67348.2,67402.92,67330.92,67402.92,92,247,0
2024-07-28 05:39:00,67402.71,67442.52,67389.32,67432.38,98,247,0
2024-07-28 05:40:00,67432.03,67464.41,67357.79,67359.68,99,247,0
2024-07-28 05:41:00,67359.06,67407.17,67355.27,67379.53,80,255,0
2024-07-28 05:42:00,67383.43,67408.42,67383.43,67400.87,65,255,0
2024-07-28 05:43:00,67403.62,67407.33,67338.58,67351.05,80,256,0
2024-07-28 05:44:00,67356.61,67397.95,67356.61,67382.33,68,255,0
2024-07-28 05:45:00,67381.04,67404.53,67370.96,67380.34,78,255,0
2024-07-28 05:46:00,67378.6,67455.4,67378.6,67442.41,81,256,0
2024-07-28 05:47:00,67445.81,67451.02,67406.71,67417.55,82,256,0
2024-07-28 05:48:00,67419.58,67463.67,67419.58,67455.92,77,267,0
2024-07-28 05:49:00,67457.46,67457.46,67375.53,67394.74,86,249,0
2024-07-28 05:50:00,67397.31,67401.62,67327.94,67373.65,87,342,0
2024-07-28 05:51:00,67377.64,67388.12,67356.71,67379.55,70,241,0
2024-07-28 05:52:00,67378.6,67394.74,67350.29,67354.99,74,241,0
2024-07-28 05:53:00,67354.77,67367.36,67323.25,67359.37,82,264,0
2024-07-28 05:54:00,67363.3,67374.21,67355.76,67360.82,61,240,0
2024-07-28 05:55:00,67363.37,67363.77,67338.55,67346.62,74,240,0
2024-07-28 05:56:00,67346.49,67386.34,67335.74,67381.27,73,240,0
2024-07-28 05:57:00,67383.73,67402.58,67377.67,67391.41,70,247,0
2024-07-28 05:58:00,67387.06,67411.72,67370.46,67406.92,80,247,0
2024-07-28 05:59:00,67410.27,67415.34,67386.57,67390.25,67,247,0
2024-07-28 06:00:00,67395.98,67414.77,67368.12,67414.77,91,257,0
2024-07-28 06:01:00,67417.99,67458.05,67414.44,67444.9,76,255,0
2024-07-28 06:02:00,67447.95,67455.92,67406.67,67443.99,87,289,0
2024-07-28 06:03:00,67440.11,67457.9,67428.25,67455.77,65,270,0
2024-07-28 06:04:00,67455.52,67479.5,67412.03,67463.17,98,310,0
2024-07-28 06:05:00,67465.01,67475.41,67446.84,67462.06,71,248,0
2024-07-28 06:06:00,67459.15,67495.73,67447.5,67468.35,78,248,0
2024-07-28 06:07:00,67469.77,67532.56,67469.77,67507.06,98,297,0
2024-07-28 06:08:00,67505.54,67508.42,67458.05,67458.05,67,241,0
2024-07-28 06:09:00,67461.47,67482.66,67410.65,67419.09,85,362,0
2024-07-28 06:10:00,67414.52,67448.73,67392.24,67435.96,77,241,0
2024-07-28 06:11:00,67435.35,67463.71,67418.52,67438.26,76,241,0
2024-07-28 06:12:00,67440.02,67450.7,67430.39,67431.42,65,241,0
2024-07-28 06:13:00,67428.39,67445.58,67412.73,67416.05,67,241,0
2024-07-28 06:14:00,67417.46,67449.79,67410.92,67448.99,62,241,0
2024-07-28 06:15:00,67449.36,67475.26,67410.62,67468.3,78,241,0
2024-07-28 06:16:00,67466.83,67497.73,67449.42,67449.42,73,235,0
2024-07-28 06:17:00,67447.4,67484.73,67433.83,67475.91,77,234,0
2024-07-28 06:18:00,67470.83,67487.82,67452.34,67487.82,73,235,0
2024-07-28 06:19:00,67484.36,67500.12,67453.06,67470.43,69,235,0
2024-07-28 06:20:00,67473.91,67484.21,67456.85,67471.21,73,248,0
2024-07-28 06:21:00,67472.45,67514.52,67471.54,67481.53,76,235,0
2024-07-28 06:22:00,67483.96,67511.64,67466.81,67485.14,82,240,0
2024-07-28 06:23:00,67480.36,67480.36,67454.5,67465.16,67,238,0
2024-07-28 06:24:00,67468.47,67510.01,67468.47,67480.55,79,228,0
2024-07-28 06:25:00,67478.83,67488.72,67471.39,67485.76,60,228,0
2024-07-28 06:26:00,67485.6,67524.16,67480.58,67520.21,72,221,0
2024-07-28 06:27:00,67520.82,67558.49,67510.6,67558.49,77,208,0
2024-07-28 06:28:00,67560.48,67572.48,67494.95,67497.82,82,216,0
2024-07-28 06:29:00,67497.83,67519.21,67493.72,67514.97,68,215,0
2024-07-28 06:30:00,67513.42,67519.68,67498.99,67519.68,64,222,0
2024-07-28 06:31:00,67519.96,67562.45,67483.31,67483.31,98,222,0
2024-07-28 06:32:00,67481.29,67507.85,67459.02,67494.32,72,215,0
2024-07-28 06:33:00,67489.87,67494.27,67430.0,67433.6,71,215,0
2024-07-28 06:34:00,67434.21,67441.07,67397.48,67438.87,81,190,0
2024-07-28 06:35:00,67440.0,67468.62,67405.55,67405.71,79,235,0
2024-07-28 06:36:00,67406.09,67429.59,67400.38,67425.17,63,286,0
2024-07-28 06:37:00,67423.66,67452.63,67386.83,67433.13,76,441,0
2024-07-28 06:38:00,67434.58,67450.09,67416.11,67417.85,71,347,0
2024-07-28 06:39:00,67418.19,67424.98,67392.63,67406.92,66,229,0
2024-07-28 06:40:00,67407.54,67451.48,67403.73,67424.29,72,207,0
2024-07-28 06:41:00,67425.88,67451.42,67411.57,67442.11,69,209,0
2024-07-28 06:42:00,67441.72,67503.48,67441.72,67463.44,86,197,0
2024-07-28 06:43:00,67465.77,67502.2,67438.79,67455.86,81,204,0
2024-07-28 06:44:00,67456.73,67463.64,67436.7,67440.5,57,204,0
2024-07-28 06:45:00,67440.52,67473.47,67421.14,67459.44,71,204,0
2024-07-28 06:46:00,67456.83,67493.59,67456.83,67461.38,76,204,0
2024-07-28 06:47:00,67462.25,67472.24,67440.5,67461.51,70,230,0
2024-07-28 06:48:00,67457.92,67498.21,67457.92,67462.1,81,204,0
2024-07-28 06:49:00,67462.03,67470.56,67446.71,67448.93,72,280,0
2024-07-28 06:50:00,67447.1,67452.56,67376.41,67384.84,87,367,0
2024-07-28 06:51:00,67384.03,67398.9,67345.85,67388.87,76,330,0
2024-07-28 06:52:00,67389.59,67399.54,67337.83,67337.83,82,187,0
2024-07-28 06:53:00,67343.0,67385.77,67328.22,67378.27,79,187,0
2024-07-28 06:54:00,67375.56,67396.52,67353.07,67396.52,83,187,0
2024-07-28 06:55:00,67397.46,67449.57,67391.24,67447.49,72,181,0
2024-07-28 06:56:00,67445.75,67494.23,67442.3,67461.65,79,174,0
2024-07-28 06:57:00,67462.15,67462.79,67446.51,67459.05,61,174,0
2024-07-28 06:58:00,67459.01,67461.22,67444.03,67448.81,62,174,0
2024-07-28 06:59:00,67448.86,67452.2,67444.68,67450.41,58,167,0
2024-07-28 07:00:00,67448.84,67448.84,67382.68,67401.05,83,167,0
2024-07-28 07:01:00,67397.76,67400.92,67349.39,67376.72,76,492,0
2024-07-28 07:02:00,67372.28,67384.32,67345.64,67369.34,80,401,0
2024-07-28 07:03:00,67367.18,67372.01,67322.0,67351.03,86,432,0
2024-07-28 07:04:00,67353.9,67360.29,67301.56,67348.47,87,163,0
2024-07-28 07:05:00,67345.09,67345.09,67258.04,67276.41,99,212,0
2024-07-28 07:06:00,67278.51,67285.02,67259.74,67279.07,67,155,0
2024-07-28 07:07:00,67283.08,67327.96,67283.08,67324.56,70,166,0
2024-07-28 07:08:00,67325.02,67357.39,67298.66,67352.03,81,166,0
2024-07-28 07:09:00,67350.24,67365.28,67346.03,67360.6,58,173,0
2024-07-28 07:10:00,67359.78,67359.78,67318.23,67320.99,70,192,0
2024-07-28 07:11:00,67320.53,67342.64,67312.96,67322.78,62,209,0
2024-07-28 07:12:00,67322.68,67322.68,67263.87,67307.65,89,209,0
2024-07-28 07:13:00,67309.22,67329.91,67285.16,67326.54,75,233,0
2024-07-28 07:14:00,67329.73,67384.55,67316.57,67384.55,87,199,0
2024-07-28 07:15:00,67385.42,67407.62,67385.42,67392.47,64,200,0
2024-07-28 07:16:00,67392.55,67406.09,67378.53,67406.09,58,193,0
2024-07-28 07:17:00,67407.23,67435.32,67360.25,67367.12,83,194,0
2024-07-28 07:18:00,67363.39,67368.21,67334.24,67334.24,64,218,0
2024-07-28 07:19:00,67337.67,67368.54,67337.0,67350.84,69,218,0
2024-07-28 07:20:00,67351.57,67363.28,67303.14,67315.18,74,218,0
2024-07-28 07:21:00,67313.06,67346.25,67306.95,67336.19,68,218,0
2024-07-28 07:22:00,67335.76,67364.41,67333.1,67354.67,68,218,0
2024-07-28 07:23:00,67354.71,67369.24,67351.79,67363.61,61,234,0
2024-07-28 07:24:00,67365.23,67369.19,67350.44,67350.44,58,241,0
2024-07-28 07:25:00,67350.88,67393.97,67342.5,67393.97,75,241,0
2024-07-28 07:26:00,67395.83,67407.6,67356.83,67365.98,76,241,0
2024-07-28 07:27:00,67363.59,67394.11,67347.78,67383.09,75,241,0
2024-07-28 07:28:00,67382.19,67397.53,67376.77,67387.53,61,241,0
2024-07-28 07:29:00,67391.29,67411.84,67383.6,67411.84,62,241,0
2024-07-28 07:30:00,67413.41,67413.41,67368.49,67410.65,80,241,0
2024-07-28 07:31:00,67410.94,67415.93,67376.1,67377.1,76,248,0
2024-07-28 07:32:00,67375.31,67405.33,67371.82,67390.45,72,248,0
2024-07-28 07:33:00,67392.68,67407.82,67373.51,67375.78,66,248,0
2024-07-28 07:34:00,67374.94,67375.41,67340.7,67361.58,72,246,0
2024-07-28 07:35:00,67361.91,67389.06,67335.89,67386.84,68,274,0
2024-07-28 07:36:00,67391.34,67395.38,67360.94,67366.61,68,238,0
2024-07-28 07:37:00,67366.2,67384.62,67352.41,67367.64,73,527,0
2024-07-28 07:38:00,67368.88,67401.52,67342.01,67351.96,76,256,0
2024-07-28 07:39:00,67355.17,67374.07,67344.39,67363.12,62,279,0
2024-07-28 07:40:00,67363.67,67405.67,67353.13,67354.58,84,319,0
2024-07-28 07:41:00,67352.31,67373.11,67343.81,67367.3,67,262,0
2024-07-28 07:42:00,67366.85,67392.07,67360.69,67360.69,69,246,0
2024-07-28 07:43:00,67361.38,67375.64,67345.55,67365.13,64,364,0
2024-07-28 07:44:00,67366.09,67409.22,67362.29,67402.91,65,246,0
2024-07-28 07:45:00,67404.08,67404.08,67389.45,67398.34,58,246,0
2024-07-28 07:46:00,67398.99,67452.6,67398.04,67451.55,77,246,0
2024-07-28 07:47:00,67453.45,67481.39,67445.84,67473.77,75,246,0
2024-07-28 07:48:00,67475.76,67494.94,67460.25,67469.3,69,260,0
2024-07-28 07:49:00,67465.34,67485.93,67453.87,67465.74,63,260,0
2024-07-28 07:50:00,67464.37,67467.43,67438.13,67450.22,68,253,0
2024-07-28 07:51:00,67452.07,67479.82,67429.59,67439.18,80,253,0
2024-07-28 07:52:00,67439.14,67469.74,67438.76,67465.38,63,253,0
2024-07-28 07:53:00,67468.4,67508.87,67458.86,67478.11,72,253,0
2024-07-28 07:54:00,67480.06,67512.17,67477.71,67494.56,64,253,0
2024-07-28 07:55:00,67490.89,67510.5,67475.78,67501.64,73,250,0
2024-07-28 07:56:00,67497.81,67526.64,67492.86,67513.25,86,239,0
2024-07-28 07:57:00,67512.72,67513.99,67486.8,67499.6,66,239,0
2024-07-28 07:58:00,67497.32,67529.02,67486.91,67516.16,83,233,0
2024-07-28 07:59:00,67515.01,67546.04,67515.01,67520.89,72,237,0
2024-07-28 08:00:00,67520.22,67533.99,67467.14,67473.11,88,225,0
2024-07-28 08:01:00,67474.85,67496.88,67446.51,67471.69,73,334,0
2024-07-28 08:02:00,67473.46,67501.23,67421.86,67441.16,78,406,0
2024-07-28 08:03:00,67440.87,67463.55,67436.89,67441.24,63,217,0
2024-07-28 08:04:00,67442.62,67448.59,67401.59,67405.98,72,472,0
2024-07-28 08:05:00,67405.82,67480.9,67405.82,67438.68,84,256,0
2024-07-28 08:06:00,67437.81,67439.92,67398.22,67401.62,73,247,0
2024-07-28 08:07:00,67401.06,67416.76,67400.02,67406.28,63,297,0
2024-07-28 08:08:00,67410.34,67436.07,67401.5,67430.34,67,397,0
2024-07-28 08:09:00,67430.56,67456.35,67414.31,67445.92,70,218,0
2024-07-28 08:10:00,67452.05,67479.17,67451.56,67473.22,64,217,0
2024-07-28 08:11:00,67472.21,67472.21,67451.97,67458.96,60,208,0
2024-07-28 08:12:00,67459.44,67479.76,67435.26,67460.4,69,208,0
2024-07-28 08:13:00,67459.24,67480.41,67453.56,67480.41,65,208,0
2024-07-28 08:14:00,67479.67,67487.15,67462.15,67463.43,64,208,0
2024-07-28 08:15:00,67462.65,67477.23,67445.74,67470.58,66,208,0
